,R1
0.0,176593
1.0,16518
21.0,5115
2.0,4517
18.0,4405
22.0,4137
19.0,3216
3.0,2694
4.0,2430
5.0,2161
6.0,2131
7.0,2086
42.0,1889
77.0,1863
78.0,1842
79.0,1798
8.0,1729
17.0,1636
30.0,1628
43.0,1608
31.0,1603
80.0,1597
76.0,1592
41.0,1592
29.0,1552
20.0,1509
9.0,1480
28.0,1451
10.0,1342
75.0,1273
81.0,1232
11.0,1229
23.0,1177
74.0,1175
27.0,1123
40.0,1122
32.0,1119
12.0,1113
44.0,1101
34.0,1038
16.0,1038
14.0,1005
13.0,992
61.0,975
33.0,973
35.0,971
15.0,962
36.0,958
60.0,958
62.0,950
73.0,950
63.0,947
24.0,930
26.0,904
82.0,896
59.0,886
37.0,869
72.0,866
25.0,855
58.0,843
64.0,839
65.0,793
39.0,771
38.0,758
57.0,756
71.0,743
70.0,734
66.0,723
69.0,712
45.0,709
83.0,698
55.0,685
67.0,676
87.0,656
56.0,652
54.0,652
91.0,650
89.0,649
68.0,645
90.0,639
86.0,638
53.0,638
84.0,637
85.0,632
46.0,632
88.0,625
47.0,621
52.0,617
94.0,609
93.0,609
92.0,588
97.0,586
51.0,580
95.0,579
96.0,575
50.0,566
99.0,562
49.0,556
98.0,540
48.0,528
101.0,507
100.0,499
103.0,490
102.0,479
109.0,456
112.0,453
106.0,445
104.0,439
108.0,435
105.0,422
107.0,421
115.0,416
110.0,398
113.0,392
116.0,384
117.0,377
119.0,371
111.0,368
114.0,366
118.0,347
121.0,341
120.0,335
124.0,334
229.0,331
230.0,330
233.0,316
231.0,307
122.0,307
232.0,306
125.0,305
123.0,301
228.0,289
234.0,288
129.0,287
126.0,287
127.0,284
128.0,283
130.0,279
227.0,276
140.0,269
226.0,261
133.0,260
224.0,258
135.0,257
142.0,257
147.0,256
139.0,253
225.0,253
136.0,252
145.0,249
236.0,248
146.0,247
134.0,242
138.0,241
149.0,240
235.0,236
131.0,235
132.0,235
249.0,235
141.0,234
137.0,233
143.0,232
221.0,232
144.0,230
155.0,227
151.0,226
152.0,224
153.0,224
156.0,224
148.0,222
222.0,221
150.0,218
247.0,216
237.0,214
245.0,214
157.0,214
154.0,214
158.0,212
165.0,212
223.0,210
243.0,207
160.0,207
162.0,206
166.0,206
171.0,205
218.0,205
163.0,205
240.0,204
170.0,203
242.0,201
241.0,201
175.0,199
159.0,199
238.0,198
244.0,197
219.0,197
217.0,196
220.0,195
167.0,195
176.0,195
173.0,193
161.0,191
248.0,190
164.0,187
246.0,186
174.0,185
168.0,185
251.0,180
180.0,178
179.0,178
239.0,175
185.0,174
178.0,174
250.0,170
216.0,167
172.0,166
169.0,164
186.0,162
214.0,162
183.0,161
182.0,160
184.0,157
177.0,156
253.0,154
188.0,154
252.0,154
254.0,153
194.0,152
193.0,152
187.0,150
181.0,145
210.0,144
215.0,144
256.0,143
198.0,138
191.0,137
211.0,136
209.0,136
189.0,134
195.0,132
200.0,131
190.0,131
196.0,131
213.0,130
203.0,127
197.0,127
258.0,126
255.0,125
205.0,124
202.0,123
212.0,122
204.0,120
208.0,117
201.0,117
257.0,115
263.0,112
192.0,111
206.0,107
207.0,106
262.0,105
199.0,104
259.0,104
264.0,102
266.0,101
260.0,99
270.0,98
261.0,96
269.0,94
268.0,94
267.0,93
273.0,90
272.0,89
340.0,88
337.0,86
338.0,84
271.0,83
299.0,82
265.0,81
281.0,81
343.0,81
326.0,81
331.0,79
335.0,79
275.0,78
328.0,78
280.0,76
330.0,76
336.0,76
287.0,75
291.0,75
352.0,75
283.0,75
334.0,75
278.0,74
298.0,73
297.0,73
312.0,73
324.0,72
332.0,72
274.0,72
329.0,72
345.0,72
341.0,71
325.0,71
380.0,71
327.0,71
351.0,71
314.0,70
279.0,70
320.0,70
289.0,70
375.0,69
344.0,69
277.0,69
319.0,68
313.0,68
318.0,67
346.0,67
339.0,67
373.0,66
342.0,66
322.0,66
372.0,66
354.0,65
349.0,65
357.0,65
302.0,64
315.0,64
311.0,64
309.0,63
358.0,63
286.0,63
276.0,62
333.0,62
384.0,62
317.0,62
292.0,62
366.0,62
348.0,62
323.0,61
310.0,61
398.0,61
301.0,61
321.0,61
383.0,61
307.0,60
369.0,60
347.0,60
282.0,60
367.0,60
293.0,60
434.0,60
306.0,59
368.0,59
284.0,59
304.0,59
353.0,58
305.0,58
316.0,57
303.0,57
355.0,57
363.0,57
359.0,57
350.0,57
448.0,56
308.0,56
364.0,55
285.0,55
382.0,55
450.0,54
356.0,54
360.0,53
295.0,53
288.0,53
378.0,53
370.0,53
294.0,53
290.0,53
361.0,52
385.0,52
296.0,52
377.0,52
381.0,51
300.0,51
376.0,50
387.0,50
391.0,49
444.0,49
371.0,49
362.0,48
389.0,48
437.0,48
440.0,48
435.0,47
388.0,47
379.0,47
386.0,47
399.0,47
400.0,46
423.0,46
418.0,46
365.0,46
419.0,46
436.0,45
422.0,45
455.0,45
374.0,45
390.0,45
429.0,45
458.0,44
452.0,44
445.0,44
454.0,44
395.0,44
406.0,43
426.0,43
401.0,43
428.0,42
424.0,42
438.0,42
449.0,42
414.0,42
433.0,42
408.0,41
425.0,41
441.0,41
393.0,41
403.0,41
407.0,40
446.0,40
456.0,39
410.0,39
415.0,39
462.0,39
411.0,39
443.0,39
416.0,38
431.0,38
442.0,38
473.0,38
417.0,38
404.0,38
451.0,37
478.0,37
439.0,37
509.0,37
505.0,37
468.0,37
405.0,37
474.0,36
465.0,36
499.0,36
479.0,36
421.0,36
394.0,36
413.0,36
487.0,35
871.0,35
409.0,35
420.0,35
470.0,35
427.0,35
494.0,35
397.0,35
510.0,35
482.0,35
906.0,34
508.0,34
432.0,34
885.0,34
471.0,33
512.0,33
402.0,33
480.0,33
484.0,33
578.0,33
533.0,33
472.0,33
921.0,33
869.0,33
914.0,33
392.0,33
507.0,32
529.0,32
476.0,32
519.0,32
949.0,32
396.0,32
552.0,31
460.0,31
486.0,31
579.0,31
457.0,31
891.0,31
412.0,31
782.0,31
621.0,31
933.0,31
467.0,31
514.0,31
501.0,31
573.0,31
619.0,30
959.0,30
612.0,30
847.0,30
931.0,30
877.0,30
956.0,30
466.0,30
566.0,30
506.0,30
430.0,30
544.0,30
453.0,30
900.0,30
937.0,29
447.0,29
627.0,29
990.0,29
498.0,29
571.0,29
469.0,29
703.0,29
868.0,29
537.0,29
483.0,29
464.0,29
887.0,29
955.0,29
567.0,29
953.0,29
602.0,28
459.0,28
563.0,28
926.0,28
528.0,28
502.0,28
925.0,28
488.0,28
497.0,28
500.0,28
532.0,28
475.0,28
492.0,28
853.0,28
565.0,28
844.0,27
463.0,27
875.0,27
461.0,27
950.0,27
511.0,27
558.0,27
574.0,27
515.0,27
944.0,27
904.0,27
622.0,27
600.0,27
562.0,27
987.0,26
569.0,26
958.0,26
575.0,26
866.0,26
845.0,26
521.0,26
882.0,26
496.0,26
598.0,26
517.0,26
490.0,26
522.0,26
854.0,26
590.0,26
864.0,26
615.0,26
481.0,26
784.0,26
920.0,25
503.0,25
954.0,25
849.0,25
543.0,25
978.0,25
716.0,25
530.0,25
540.0,25
715.0,25
894.0,25
589.0,25
2368.0,25
865.0,25
596.0,25
946.0,25
661.0,25
592.0,25
899.0,25
873.0,25
547.0,25
548.0,24
808.0,24
858.0,24
924.0,24
881.0,24
489.0,24
850.0,24
915.0,24
629.0,24
838.0,24
948.0,24
504.0,24
518.0,24
879.0,24
829.0,24
594.0,24
984.0,24
934.0,24
965.0,24
836.0,24
551.0,24
585.0,24
477.0,24
485.0,24
639.0,24
897.0,24
599.0,24
939.0,23
2457.0,23
947.0,23
580.0,23
557.0,23
2419.0,23
531.0,23
874.0,23
791.0,23
979.0,23
907.0,23
495.0,23
969.0,23
527.0,23
870.0,23
972.0,23
572.0,23
491.0,23
883.0,23
536.0,23
916.0,23
898.0,23
848.0,23
893.0,23
1010.0,23
631.0,23
524.0,23
611.0,23
535.0,23
943.0,23
827.0,23
710.0,23
630.0,22
923.0,22
586.0,22
918.0,22
560.0,22
561.0,22
797.0,22
981.0,22
542.0,22
689.0,22
576.0,22
892.0,22
648.0,22
810.0,22
856.0,22
832.0,22
520.0,22
719.0,22
842.0,22
825.0,22
538.0,22
783.0,22
550.0,22
913.0,22
635.0,22
872.0,22
753.0,22
2463.0,22
655.0,22
957.0,22
577.0,22
638.0,22
967.0,22
516.0,22
997.0,22
901.0,21
889.0,21
804.0,21
583.0,21
632.0,21
690.0,21
806.0,21
813.0,21
730.0,21
493.0,21
837.0,21
927.0,21
725.0,21
902.0,21
798.0,21
930.0,21
534.0,21
603.0,21
1070.0,21
2873.0,21
787.0,21
951.0,21
994.0,21
618.0,21
936.0,21
539.0,21
886.0,21
2595.0,21
718.0,21
525.0,21
738.0,21
609.0,21
733.0,21
555.0,21
624.0,21
707.0,21
587.0,21
2670.0,21
908.0,21
896.0,21
681.0,21
2594.0,20
732.0,20
614.0,20
713.0,20
790.0,20
628.0,20
2495.0,20
903.0,20
824.0,20
625.0,20
971.0,20
1006.0,20
653.0,20
559.0,20
998.0,20
781.0,20
766.0,20
880.0,20
962.0,20
758.0,20
760.0,20
613.0,20
2624.0,20
935.0,20
617.0,20
1021.0,20
674.0,20
2079.0,20
2530.0,20
2440.0,20
685.0,20
777.0,20
831.0,20
835.0,20
526.0,20
597.0,20
554.0,20
513.0,20
595.0,20
941.0,20
2562.0,20
815.0,20
672.0,20
940.0,20
929.0,19
2810.0,19
545.0,19
767.0,19
523.0,19
712.0,19
884.0,19
976.0,19
2514.0,19
820.0,19
2629.0,19
2385.0,19
830.0,19
637.0,19
841.0,19
584.0,19
699.0,19
2403.0,19
752.0,19
641.0,19
553.0,19
2407.0,19
647.0,19
607.0,19
2211.0,19
975.0,19
919.0,19
2354.0,19
789.0,19
890.0,19
650.0,19
740.0,19
2234.0,19
2756.0,19
895.0,19
909.0,19
912.0,19
860.0,19
2606.0,19
570.0,19
746.0,19
2782.0,19
541.0,19
564.0,19
992.0,19
910.0,19
796.0,18
720.0,18
2333.0,18
855.0,18
846.0,18
701.0,18
1003.0,18
917.0,18
805.0,18
636.0,18
2473.0,18
2356.0,18
721.0,18
684.0,18
2429.0,18
729.0,18
2083.0,18
697.0,18
604.0,18
588.0,18
799.0,18
2263.0,18
2057.0,18
968.0,18
800.0,18
2484.0,18
691.0,18
2847.0,18
736.0,18
1061.0,18
928.0,18
964.0,18
2876.0,18
859.0,18
664.0,18
2630.0,18
616.0,18
2497.0,18
2485.0,18
683.0,18
985.0,18
709.0,18
773.0,18
620.0,18
2428.0,18
795.0,18
2927.0,18
2597.0,18
807.0,18
2283.0,18
694.0,18
714.0,18
2238.0,18
2863.0,18
2351.0,18
857.0,18
556.0,18
819.0,18
1018.0,18
759.0,18
704.0,18
659.0,18
961.0,18
786.0,18
822.0,18
745.0,18
1073.0,18
2536.0,18
2431.0,18
679.0,18
888.0,18
878.0,18
717.0,18
999.0,17
2998.0,17
601.0,17
676.0,17
667.0,17
2406.0,17
1101.0,17
2521.0,17
840.0,17
768.0,17
2879.0,17
1002.0,17
818.0,17
2806.0,17
2825.0,17
952.0,17
809.0,17
2377.0,17
728.0,17
2583.0,17
2646.0,17
922.0,17
1252.0,17
711.0,17
708.0,17
2487.0,17
2680.0,17
982.0,17
974.0,17
2702.0,17
986.0,17
2768.0,17
775.0,17
3144.0,17
651.0,17
991.0,17
2255.0,17
970.0,17
665.0,17
995.0,17
2460.0,17
2746.0,17
2867.0,17
2818.0,17
2465.0,17
2239.0,17
2510.0,17
2436.0,17
778.0,17
1141.0,17
2726.0,17
2386.0,17
1033.0,17
3079.0,17
656.0,17
2467.0,17
748.0,17
623.0,17
549.0,17
2438.0,17
2671.0,17
634.0,17
1023.0,17
1050.0,17
686.0,17
2797.0,17
645.0,17
1093.0,17
2740.0,17
867.0,17
680.0,17
2613.0,16
2848.0,16
2170.0,16
2090.0,16
2538.0,16
911.0,16
2585.0,16
749.0,16
2558.0,16
1031.0,16
735.0,16
1131.0,16
2513.0,16
2332.0,16
2903.0,16
1009.0,16
966.0,16
2790.0,16
606.0,16
724.0,16
2474.0,16
1025.0,16
2230.0,16
747.0,16
610.0,16
2572.0,16
989.0,16
774.0,16
988.0,16
2381.0,16
2645.0,16
2586.0,16
2799.0,16
2575.0,16
2248.0,16
2544.0,16
780.0,16
682.0,16
945.0,16
757.0,16
2477.0,16
1007.0,16
669.0,16
1012.0,16
1017.0,16
2628.0,16
2937.0,16
2256.0,16
1036.0,16
2439.0,16
605.0,16
2144.0,16
2450.0,16
942.0,16
3166.0,16
2754.0,16
2615.0,16
3034.0,16
2729.0,16
2636.0,16
582.0,16
977.0,16
678.0,16
862.0,16
706.0,16
821.0,16
663.0,16
1008.0,16
2824.0,16
2770.0,16
2423.0,16
2502.0,16
2550.0,16
2435.0,16
2480.0,16
2198.0,16
3045.0,16
2517.0,16
2686.0,16
863.0,16
2434.0,15
1004.0,15
660.0,15
688.0,15
2738.0,15
2318.0,15
2528.0,15
2355.0,15
2046.0,15
2073.0,15
2654.0,15
2590.0,15
2911.0,15
2979.0,15
2507.0,15
2295.0,15
1215.0,15
2416.0,15
2901.0,15
2524.0,15
2557.0,15
1089.0,15
2176.0,15
2202.0,15
2684.0,15
816.0,15
2577.0,15
671.0,15
1038.0,15
2444.0,15
3095.0,15
794.0,15
742.0,15
2500.0,15
2372.0,15
2479.0,15
2475.0,15
1282.0,15
1140.0,15
1250.0,15
2925.0,15
2231.0,15
1063.0,15
1049.0,15
2683.0,15
2400.0,15
2667.0,15
2491.0,15
2101.0,15
2310.0,15
2220.0,15
2809.0,15
2599.0,15
2308.0,15
2545.0,15
2540.0,15
2698.0,15
2464.0,15
2819.0,15
640.0,15
2607.0,15
2565.0,15
2547.0,15
1203.0,15
1051.0,15
568.0,15
2468.0,15
2509.0,15
2792.0,15
546.0,15
2453.0,15
960.0,15
2897.0,15
2883.0,15
2691.0,15
2149.0,15
2512.0,15
1011.0,15
750.0,15
2970.0,15
839.0,15
983.0,15
905.0,15
2307.0,15
2285.0,15
2616.0,15
2559.0,15
649.0,15
2414.0,15
1048.0,15
996.0,15
1136.0,15
608.0,15
2844.0,15
2492.0,15
2358.0,14
2697.0,14
2581.0,14
2335.0,14
2744.0,14
2931.0,14
2569.0,14
3121.0,14
1713.0,14
2632.0,14
2772.0,14
2769.0,14
692.0,14
2817.0,14
642.0,14
2874.0,14
743.0,14
802.0,14
2395.0,14
1114.0,14
726.0,14
1026.0,14
762.0,14
2631.0,14
2422.0,14
2236.0,14
2548.0,14
2516.0,14
705.0,14
1843.0,14
765.0,14
834.0,14
2320.0,14
3017.0,14
2997.0,14
2298.0,14
2472.0,14
1148.0,14
2664.0,14
2490.0,14
1238.0,14
2676.0,14
2584.0,14
2838.0,14
2861.0,14
700.0,14
644.0,14
817.0,14
2765.0,14
1177.0,14
2748.0,14
833.0,14
2469.0,14
1060.0,14
2834.0,14
973.0,14
1030.0,14
852.0,14
2273.0,14
675.0,14
2029.0,14
1271.0,14
2679.0,14
2146.0,14
3022.0,14
3142.0,14
626.0,14
2717.0,14
2573.0,14
2364.0,14
2462.0,14
2141.0,14
2775.0,14
643.0,14
2127.0,14
2703.0,14
3198.0,14
2032.0,14
698.0,14
2633.0,14
1016.0,14
2948.0,14
2391.0,14
2656.0,14
2541.0,14
2489.0,14
2302.0,14
2777.0,14
2213.0,14
2908.0,14
1310.0,14
2866.0,14
2241.0,14
2811.0,14
2494.0,14
1028.0,14
3191.0,14
2634.0,14
2776.0,14
3080.0,14
2197.0,14
3078.0,14
2589.0,14
2552.0,14
1315.0,14
1291.0,14
2542.0,14
2201.0,14
2650.0,14
593.0,14
2549.0,14
2352.0,14
2190.0,14
2011.0,14
581.0,14
2665.0,14
2707.0,13
673.0,13
670.0,13
2820.0,13
1217.0,13
2639.0,13
2566.0,13
1080.0,13
2578.0,13
1159.0,13
2432.0,13
1972.0,13
993.0,13
727.0,13
2527.0,13
2719.0,13
1246.0,13
666.0,13
2157.0,13
3102.0,13
801.0,13
3225.0,13
2912.0,13
761.0,13
2346.0,13
2458.0,13
788.0,13
2247.0,13
3081.0,13
2412.0,13
1022.0,13
2710.0,13
2179.0,13
734.0,13
2486.0,13
2852.0,13
2642.0,13
2145.0,13
2617.0,13
2647.0,13
2841.0,13
764.0,13
1994.0,13
3182.0,13
2743.0,13
1997.0,13
2708.0,13
2322.0,13
2945.0,13
723.0,13
2696.0,13
2366.0,13
2217.0,13
2270.0,13
2649.0,13
1261.0,13
932.0,13
3013.0,13
2784.0,13
2532.0,13
2065.0,13
2482.0,13
2071.0,13
2205.0,13
1105.0,13
2529.0,13
2173.0,13
826.0,13
2259.0,13
2448.0,13
2050.0,13
2271.0,13
1058.0,13
2143.0,13
2117.0,13
2662.0,13
2537.0,13
2956.0,13
2757.0,13
2094.0,13
2543.0,13
2178.0,13
2663.0,13
1973.0,13
737.0,13
2061.0,13
3135.0,13
3357.0,13
2324.0,13
2076.0,13
2701.0,13
754.0,13
1930.0,13
2568.0,13
2159.0,13
2933.0,13
803.0,13
2564.0,13
1317.0,13
1190.0,13
1335.0,13
2103.0,13
2340.0,13
1162.0,13
1000.0,13
1294.0,13
3092.0,13
2139.0,13
646.0,13
2786.0,13
2311.0,13
3110.0,13
2815.0,13
2800.0,13
2425.0,13
2056.0,13
2353.0,13
3113.0,13
2006.0,13
2957.0,13
2919.0,13
1277.0,13
702.0,13
1138.0,13
1265.0,13
2441.0,13
3064.0,13
2739.0,13
2709.0,13
2936.0,13
814.0,13
1297.0,13
652.0,13
770.0,13
2447.0,13
3325.0,13
2801.0,13
2723.0,13
2005.0,13
3285.0,13
2389.0,13
2533.0,13
744.0,13
2755.0,13
3109.0,13
2483.0,13
2828.0,13
741.0,13
1064.0,13
2446.0,13
2252.0,13
1098.0,13
2857.0,13
3090.0,13
3195.0,13
861.0,13
1605.0,13
2978.0,13
812.0,13
2619.0,13
668.0,13
1121.0,13
2783.0,13
1013.0,13
2885.0,13
3127.0,13
2758.0,13
1041.0,13
2553.0,13
2791.0,13
2054.0,13
2244.0,13
2405.0,12
2114.0,12
2108.0,12
2567.0,12
3176.0,12
1111.0,12
2036.0,12
2319.0,12
2194.0,12
1807.0,12
2191.0,12
3177.0,12
2240.0,12
2481.0,12
1053.0,12
1156.0,12
2269.0,12
1305.0,12
756.0,12
2504.0,12
1029.0,12
1301.0,12
3136.0,12
876.0,12
2299.0,12
2212.0,12
2551.0,12
3445.0,12
658.0,12
3202.0,12
3106.0,12
980.0,12
2058.0,12
2695.0,12
2496.0,12
1382.0,12
2722.0,12
3154.0,12
2906.0,12
2534.0,12
1001.0,12
2280.0,12
2914.0,12
1780.0,12
2675.0,12
2845.0,12
1959.0,12
2184.0,12
1281.0,12
1900.0,12
2125.0,12
3148.0,12
1090.0,12
1198.0,12
2003.0,12
3141.0,12
2626.0,12
2505.0,12
2694.0,12
2227.0,12
963.0,12
2001.0,12
2651.0,12
2602.0,12
2284.0,12
3138.0,12
3107.0,12
2781.0,12
2266.0,12
2277.0,12
2427.0,12
2640.0,12
2793.0,12
2880.0,12
1364.0,12
2080.0,12
693.0,12
1505.0,12
2313.0,12
2993.0,12
1062.0,12
2392.0,12
2131.0,12
2289.0,12
2804.0,12
2035.0,12
3123.0,12
2869.0,12
2172.0,12
1288.0,12
633.0,12
2813.0,12
739.0,12
3024.0,12
2153.0,12
2394.0,12
2644.0,12
2771.0,12
1067.0,12
1189.0,12
1152.0,12
2555.0,12
3044.0,12
2290.0,12
1856.0,12
3680.0,12
2718.0,12
2700.0,12
2177.0,12
3126.0,12
2618.0,12
1255.0,12
1071.0,12
772.0,12
2150.0,12
2326.0,12
2124.0,12
2946.0,12
3098.0,12
2605.0,12
2687.0,12
1313.0,12
2849.0,12
2455.0,12
2207.0,12
1078.0,12
2106.0,12
3237.0,12
2986.0,12
793.0,12
2641.0,12
2576.0,12
2843.0,12
3075.0,12
1992.0,12
3219.0,12
1314.0,12
1967.0,12
2188.0,12
1403.0,12
677.0,12
2323.0,12
2741.0,12
2685.0,12
1311.0,12
2531.0,12
2554.0,12
2401.0,12
3139.0,12
1077.0,12
2864.0,12
2774.0,12
2692.0,12
2796.0,12
2929.0,12
2693.0,12
2039.0,12
3200.0,12
3117.0,12
1814.0,12
1240.0,12
2922.0,12
1810.0,12
2764.0,12
1269.0,12
2291.0,12
2421.0,12
1142.0,12
2116.0,12
2862.0,12
3211.0,12
3062.0,12
2850.0,12
2189.0,12
1046.0,12
1185.0,12
2623.0,12
2681.0,12
2752.0,12
2250.0,12
2038.0,12
2881.0,12
2600.0,12
3085.0,12
2086.0,12
1224.0,12
2100.0,12
2461.0,12
751.0,11
1027.0,11
2349.0,11
2466.0,11
2294.0,11
2515.0,11
2138.0,11
1383.0,11
3296.0,11
2373.0,11
1075.0,11
3104.0,11
2745.0,11
1199.0,11
2396.0,11
2763.0,11
2246.0,11
2836.0,11
2877.0,11
1014.0,11
2314.0,11
2816.0,11
3119.0,11
2185.0,11
2209.0,11
2959.0,11
2410.0,11
2387.0,11
2705.0,11
2944.0,11
3072.0,11
2999.0,11
1304.0,11
2812.0,11
2713.0,11
2424.0,11
2789.0,11
3048.0,11
2348.0,11
763.0,11
3122.0,11
2338.0,11
1245.0,11
2808.0,11
2798.0,11
1116.0,11
2081.0,11
2871.0,11
1954.0,11
2357.0,11
2091.0,11
2286.0,11
2442.0,11
1132.0,11
2066.0,11
2846.0,11
2282.0,11
2020.0,11
1342.0,11
2397.0,11
2878.0,11
2130.0,11
2733.0,11
2342.0,11
3116.0,11
2795.0,11
3158.0,11
2229.0,11
2787.0,11
2449.0,11
2408.0,11
591.0,11
2010.0,11
3162.0,11
1024.0,11
2827.0,11
2895.0,11
2826.0,11
3183.0,11
1990.0,11
3010.0,11
1066.0,11
2579.0,11
1117.0,11
3157.0,11
3280.0,11
2063.0,11
2987.0,11
3165.0,11
1253.0,11
1625.0,11
3477.0,11
2918.0,11
2677.0,11
1673.0,11
2832.0,11
2315.0,11
1125.0,11
722.0,11
1229.0,11
843.0,11
2637.0,11
2690.0,11
3223.0,11
2182.0,11
2653.0,11
1069.0,11
1969.0,11
2072.0,11
2721.0,11
1015.0,11
2316.0,11
938.0,11
1394.0,11
3194.0,11
1112.0,11
1228.0,11
3108.0,11
2305.0,11
1039.0,11
662.0,11
1035.0,11
2886.0,11
3036.0,11
1052.0,11
1226.0,11
3209.0,11
2383.0,11
1079.0,11
2926.0,11
1349.0,11
2195.0,11
1379.0,11
2506.0,11
1248.0,11
2960.0,11
695.0,11
2493.0,11
2660.0,11
3192.0,11
2301.0,11
2742.0,11
696.0,11
2598.0,11
3134.0,11
2762.0,11
1179.0,11
3061.0,11
1242.0,11
755.0,11
3105.0,11
2309.0,11
3060.0,11
1054.0,11
1521.0,11
1034.0,11
1134.0,11
1645.0,11
3057.0,11
1150.0,11
2635.0,11
2085.0,11
2105.0,11
2258.0,11
2587.0,11
2112.0,11
2445.0,11
654.0,11
3097.0,11
1171.0,11
3161.0,11
2609.0,11
2049.0,11
2526.0,11
1124.0,11
3483.0,11
2950.0,11
2253.0,11
2888.0,11
2433.0,11
3003.0,11
2780.0,11
2327.0,11
2668.0,11
3206.0,11
2727.0,11
1019.0,11
1074.0,11
3221.0,11
1133.0,11
3089.0,11
2724.0,11
2658.0,11
3288.0,10
2331.0,10
3452.0,10
1264.0,10
2264.0,10
2699.0,10
2268.0,10
1072.0,10
1941.0,10
3196.0,10
2711.0,10
2418.0,10
1244.0,10
1735.0,10
1293.0,10
2728.0,10
2008.0,10
1359.0,10
2304.0,10
1879.0,10
2980.0,10
3041.0,10
731.0,10
2452.0,10
2171.0,10
2503.0,10
2375.0,10
1183.0,10
1087.0,10
1968.0,10
1837.0,10
3260.0,10
1076.0,10
1270.0,10
3270.0,10
1178.0,10
1384.0,10
2610.0,10
1662.0,10
2261.0,10
2087.0,10
1169.0,10
3201.0,10
2759.0,10
2267.0,10
2135.0,10
2369.0,10
2180.0,10
2638.0,10
2673.0,10
3145.0,10
2043.0,10
1032.0,10
811.0,10
1181.0,10
1722.0,10
1113.0,10
3019.0,10
1388.0,10
2868.0,10
3284.0,10
3268.0,10
1044.0,10
1302.0,10
2374.0,10
1442.0,10
2164.0,10
2478.0,10
3238.0,10
1496.0,10
2603.0,10
2390.0,10
2228.0,10
2520.0,10
2805.0,10
1104.0,10
2069.0,10
2621.0,10
2019.0,10
1127.0,10
2122.0,10
1940.0,10
2730.0,10
2154.0,10
2625.0,10
1715.0,10
2971.0,10
1781.0,10
2265.0,10
1084.0,10
1448.0,10
2501.0,10
3233.0,10
2476.0,10
2192.0,10
851.0,10
3125.0,10
3257.0,10
2409.0,10
1952.0,10
2133.0,10
2894.0,10
2546.0,10
3185.0,10
2778.0,10
1993.0,10
2345.0,10
1319.0,10
2245.0,10
2750.0,10
657.0,10
2935.0,10
2582.0,10
3164.0,10
1083.0,10
2951.0,10
3315.0,10
2129.0,10
3173.0,10
2659.0,10
828.0,10
2872.0,10
2973.0,10
2097.0,10
3133.0,10
2160.0,10
2884.0,10
1173.0,10
1885.0,10
2292.0,10
2272.0,10
1045.0,10
2379.0,10
2920.0,10
2657.0,10
1193.0,10
1266.0,10
1160.0,10
3009.0,10
1498.0,10
1944.0,10
2047.0,10
2913.0,10
2511.0,10
3264.0,10
1789.0,10
1858.0,10
2767.0,10
2907.0,10
3390.0,10
2321.0,10
3152.0,10
2570.0,10
2362.0,10
2737.0,10
2104.0,10
2084.0,10
2404.0,10
2975.0,10
3208.0,10
2196.0,10
2169.0,10
2471.0,10
2119.0,10
1103.0,10
2296.0,10
1158.0,10
3212.0,10
2661.0,10
2152.0,10
2206.0,10
2312.0,10
2932.0,10
1995.0,10
2075.0,10
1055.0,10
2773.0,10
2961.0,10
2488.0,10
2751.0,10
2904.0,10
3205.0,10
3029.0,10
2794.0,10
1938.0,10
3112.0,10
2161.0,10
1406.0,10
3049.0,10
2451.0,10
1209.0,10
2274.0,10
2976.0,10
2508.0,10
3073.0,10
1864.0,10
2279.0,10
3128.0,10
3242.0,10
2498.0,10
1195.0,10
1154.0,10
3556.0,10
769.0,10
2974.0,10
2456.0,10
2893.0,10
2015.0,10
2943.0,10
687.0,10
3050.0,10
1942.0,10
1779.0,10
2437.0,10
2924.0,10
2966.0,10
3245.0,10
1020.0,10
2208.0,10
792.0,10
2226.0,10
2415.0,10
2682.0,10
2059.0,10
3207.0,10
2892.0,9
2962.0,9
1307.0,9
1899.0,9
3426.0,9
1137.0,9
1231.0,9
1570.0,9
1700.0,9
1931.0,9
2165.0,9
1161.0,9
2062.0,9
1005.0,9
2329.0,9
3184.0,9
1911.0,9
3253.0,9
1506.0,9
2430.0,9
2459.0,9
2688.0,9
2041.0,9
1844.0,9
1393.0,9
3025.0,9
2859.0,9
3016.0,9
1513.0,9
2580.0,9
2155.0,9
2151.0,9
2822.0,9
1786.0,9
1196.0,9
3719.0,9
3582.0,9
3047.0,9
2620.0,9
1896.0,9
1971.0,9
3149.0,9
2788.0,9
1888.0,9
2034.0,9
2753.0,9
2221.0,9
3014.0,9
2803.0,9
1499.0,9
1792.0,9
2898.0,9
1092.0,9
1094.0,9
776.0,9
1037.0,9
1360.0,9
3094.0,9
1299.0,9
3132.0,9
2593.0,9
1285.0,9
1516.0,9
3111.0,9
1991.0,9
2210.0,9
1889.0,9
2025.0,9
2622.0,9
2949.0,9
1998.0,9
2089.0,9
1267.0,9
1172.0,9
1822.0,9
1219.0,9
2896.0,9
1980.0,9
2749.0,9
2303.0,9
2829.0,9
1898.0,9
2833.0,9
1243.0,9
1344.0,9
3002.0,9
1284.0,9
2870.0,9
3140.0,9
1292.0,9
3307.0,9
1040.0,9
1543.0,9
2365.0,9
2343.0,9
3156.0,9
2092.0,9
2942.0,9
2203.0,9
3179.0,9
3559.0,9
2388.0,9
2413.0,9
3188.0,9
2915.0,9
2367.0,9
1854.0,9
1214.0,9
1603.0,9
2802.0,9
2300.0,9
2923.0,9
3335.0,9
1334.0,9
2563.0,9
3226.0,9
2118.0,9
2735.0,9
1935.0,9
2417.0,9
2522.0,9
1220.0,9
1047.0,9
2000.0,9
1960.0,9
2420.0,9
2399.0,9
2384.0,9
2147.0,9
3204.0,9
1674.0,9
2905.0,9
1949.0,9
1596.0,9
1318.0,9
2519.0,9
1280.0,9
2712.0,9
3323.0,9
3076.0,9
3026.0,9
3400.0,9
2652.0,9
2588.0,9
2854.0,9
2107.0,9
2077.0,9
1752.0,9
1953.0,9
785.0,9
1139.0,9
3101.0,9
3004.0,9
1286.0,9
3213.0,9
3482.0,9
2561.0,9
2183.0,9
2839.0,9
2370.0,9
2934.0,9
1678.0,9
2232.0,9
2347.0,9
2916.0,9
2249.0,9
1656.0,9
2382.0,9
1996.0,9
1100.0,9
3255.0,9
1144.0,9
1186.0,9
1057.0,9
1135.0,9
3172.0,9
2012.0,9
2181.0,9
3130.0,9
1672.0,9
1377.0,9
1347.0,9
2761.0,9
1167.0,9
1826.0,9
2048.0,9
1254.0,9
2121.0,9
3558.0,9
1329.0,9
2648.0,9
1948.0,9
2070.0,9
1407.0,9
1989.0,9
1262.0,9
1624.0,9
2736.0,9
2669.0,9
2556.0,9
2053.0,9
1634.0,9
2571.0,9
2411.0,9
2909.0,9
2223.0,9
1222.0,9
2982.0,9
3070.0,9
2454.0,9
2760.0,9
3543.0,9
1251.0,9
1276.0,9
2989.0,9
1937.0,9
1718.0,9
3241.0,9
2359.0,9
1999.0,9
2899.0,9
2917.0,9
1520.0,9
1153.0,9
2655.0,9
2007.0,9
1919.0,9
2341.0,9
2096.0,9
2890.0,9
2140.0,9
1108.0,9
2102.0,9
2402.0,9
2525.0,9
1296.0,9
3218.0,9
3186.0,9
2747.0,9
2814.0,9
2064.0,9
1869.0,9
3247.0,9
2281.0,9
1654.0,9
2123.0,9
3394.0,9
1798.0,9
1200.0,9
1042.0,9
1385.0,8
2360.0,8
1812.0,8
2766.0,8
2242.0,8
1145.0,8
3083.0,8
1109.0,8
2902.0,8
1720.0,8
1834.0,8
3318.0,8
3028.0,8
3175.0,8
3056.0,8
3039.0,8
2099.0,8
1923.0,8
1620.0,8
3942.0,8
2840.0,8
3491.0,8
1932.0,8
1479.0,8
3001.0,8
1528.0,8
2900.0,8
1043.0,8
1842.0,8
2674.0,8
2930.0,8
1962.0,8
3046.0,8
2591.0,8
3100.0,8
2251.0,8
2592.0,8
2024.0,8
1816.0,8
3609.0,8
2858.0,8
3065.0,8
1533.0,8
3334.0,8
3020.0,8
3254.0,8
1567.0,8
1655.0,8
1685.0,8
3525.0,8
1963.0,8
3511.0,8
3190.0,8
3272.0,8
3361.0,8
1773.0,8
3189.0,8
1660.0,8
1118.0,8
2142.0,8
1204.0,8
2031.0,8
3818.0,8
3622.0,8
1770.0,8
1249.0,8
3966.0,8
1536.0,8
3314.0,8
3774.0,8
2967.0,8
1322.0,8
1589.0,8
3040.0,8
3082.0,8
3071.0,8
1059.0,8
1988.0,8
1874.0,8
3234.0,8
3118.0,8
3262.0,8
2158.0,8
1120.0,8
2715.0,8
1236.0,8
1639.0,8
1759.0,8
2842.0,8
1647.0,8
1102.0,8
1208.0,8
2018.0,8
2233.0,8
2120.0,8
2371.0,8
1308.0,8
2002.0,8
1832.0,8
1225.0,8
1978.0,8
3299.0,8
2262.0,8
1082.0,8
1443.0,8
1697.0,8
1340.0,8
3093.0,8
1289.0,8
1312.0,8
1330.0,8
1873.0,8
1402.0,8
1356.0,8
823.0,8
1427.0,8
1769.0,8
1592.0,8
2779.0,8
1563.0,8
3535.0,8
1875.0,8
3450.0,8
3216.0,8
2837.0,8
1566.0,8
1649.0,8
3248.0,8
2055.0,8
2361.0,8
1426.0,8
2204.0,8
771.0,8
1558.0,8
2325.0,8
2984.0,8
3546.0,8
3055.0,8
2706.0,8
1925.0,8
3150.0,8
3063.0,8
1615.0,8
1571.0,8
3068.0,8
3163.0,8
1667.0,8
1957.0,8
2132.0,8
2714.0,8
2732.0,8
3217.0,8
1880.0,8
1194.0,8
2853.0,8
1897.0,8
2306.0,8
3243.0,8
1391.0,8
3227.0,8
2380.0,8
1450.0,8
3289.0,8
3181.0,8
1825.0,8
1165.0,8
1241.0,8
1477.0,8
1849.0,8
1950.0,8
1184.0,8
2865.0,8
1544.0,8
1754.0,8
3324.0,8
3398.0,8
3305.0,8
1068.0,8
3087.0,8
1717.0,8
1358.0,8
2608.0,8
3131.0,8
1852.0,8
1537.0,8
1115.0,8
2574.0,8
2128.0,8
2938.0,8
1527.0,8
3402.0,8
2016.0,8
1985.0,8
2243.0,8
1619.0,8
1491.0,8
3066.0,8
3421.0,8
3155.0,8
1881.0,8
1661.0,8
2940.0,8
1237.0,8
2378.0,8
1850.0,8
1123.0,8
3232.0,8
2855.0,8
3033.0,8
2995.0,8
1110.0,8
1444.0,8
2148.0,8
1602.0,8
3007.0,8
1431.0,8
2187.0,8
3058.0,8
1287.0,8
2026.0,8
2193.0,8
2720.0,8
1617.0,8
2095.0,8
2009.0,8
1783.0,8
2260.0,8
3053.0,8
2222.0,8
1909.0,8
1902.0,8
2078.0,8
2523.0,8
2996.0,8
3474.0,8
3700.0,8
1820.0,8
3446.0,8
2027.0,8
2021.0,8
1397.0,8
2910.0,8
3235.0,8
779.0,8
1886.0,8
3294.0,8
1056.0,8
1232.0,8
2317.0,8
1840.0,8
3467.0,8
1485.0,8
3417.0,8
2328.0,8
1740.0,8
1922.0,8
1239.0,8
3037.0,8
3523.0,8
2426.0,8
3170.0,8
1107.0,8
2643.0,8
3171.0,8
1405.0,7
3443.0,7
1903.0,7
3428.0,7
3271.0,7
3074.0,7
2044.0,7
3043.0,7
1106.0,7
3266.0,7
3054.0,7
1686.0,7
3313.0,7
3199.0,7
2235.0,7
3069.0,7
3711.0,7
2807.0,7
1174.0,7
1564.0,7
1701.0,7
1164.0,7
1463.0,7
2627.0,7
3406.0,7
2110.0,7
2991.0,7
3607.0,7
3295.0,7
2939.0,7
3580.0,7
1928.0,7
3540.0,7
3344.0,7
1768.0,7
2443.0,7
2535.0,7
3606.0,7
3386.0,7
1561.0,7
1321.0,7
2981.0,7
1234.0,7
3393.0,7
1390.0,7
3396.0,7
2612.0,7
1669.0,7
1170.0,7
1657.0,7
1430.0,7
1623.0,7
1622.0,7
1891.0,7
2470.0,7
3379.0,7
2045.0,7
3203.0,7
1878.0,7
1381.0,7
3228.0,7
1501.0,7
2334.0,7
1698.0,7
2889.0,7
1309.0,7
1258.0,7
1149.0,7
1753.0,7
3086.0,7
3316.0,7
1616.0,7
3279.0,7
3030.0,7
1862.0,7
1065.0,7
1573.0,7
1778.0,7
3414.0,7
1982.0,7
1793.0,7
2835.0,7
3304.0,7
1355.0,7
3099.0,7
1859.0,7
3458.0,7
1560.0,7
1346.0,7
1908.0,7
1088.0,7
2028.0,7
1904.0,7
2033.0,7
2860.0,7
2716.0,7
2831.0,7
3023.0,7
1951.0,7
1531.0,7
1562.0,7
1695.0,7
2013.0,7
3274.0,7
1767.0,7
1721.0,7
2941.0,7
1811.0,7
3362.0,7
3124.0,7
1612.0,7
1653.0,7
3563.0,7
3409.0,7
1295.0,7
1910.0,7
3381.0,7
1418.0,7
1823.0,7
2992.0,7
1096.0,7
2137.0,7
1926.0,7
1851.0,7
3427.0,7
1481.0,7
1097.0,7
2093.0,7
2218.0,7
1504.0,7
3283.0,7
2219.0,7
1924.0,7
1976.0,7
1415.0,7
1081.0,7
1323.0,7
2344.0,7
3441.0,7
4017.0,7
2115.0,7
2163.0,7
1180.0,7
1130.0,7
2004.0,7
1871.0,7
1627.0,7
2614.0,7
3236.0,7
2875.0,7
2134.0,7
1970.0,7
3435.0,7
1300.0,7
1827.0,7
1086.0,7
1905.0,7
3251.0,7
3462.0,7
1235.0,7
4102.0,7
2017.0,7
2821.0,7
1758.0,7
1855.0,7
1955.0,7
1163.0,7
1725.0,7
2224.0,7
3368.0,7
2214.0,7
3167.0,7
1274.0,7
1168.0,7
1221.0,7
1247.0,7
2560.0,7
1794.0,7
2168.0,7
3059.0,7
2275.0,7
1762.0,7
2330.0,7
2596.0,7
1681.0,7
3541.0,7
2040.0,7
1595.0,7
2725.0,7
1363.0,7
2928.0,7
1182.0,7
1799.0,7
1338.0,7
1788.0,7
1977.0,7
1646.0,7
2393.0,7
1608.0,7
3529.0,7
2276.0,7
2499.0,7
1675.0,7
1511.0,7
3129.0,7
3465.0,7
1456.0,7
3169.0,7
3339.0,7
3249.0,7
4041.0,7
1435.0,7
1257.0,7
3103.0,7
2126.0,7
3231.0,7
3215.0,7
1946.0,7
3298.0,7
1151.0,7
3501.0,7
2830.0,7
3376.0,7
4208.0,7
1272.0,7
3005.0,7
1279.0,7
1828.0,7
2186.0,7
2288.0,7
1636.0,7
3180.0,7
1658.0,7
1643.0,7
3031.0,7
3913.0,7
1777.0,7
1336.0,7
1524.0,7
3999.0,7
1679.0,7
1218.0,7
1892.0,7
3222.0,7
1986.0,7
1343.0,7
3084.0,7
1290.0,7
1514.0,7
1268.0,7
3052.0,7
1278.0,7
1495.0,7
1569.0,7
1894.0,7
1530.0,7
3067.0,7
1166.0,7
1230.0,7
1664.0,7
3244.0,7
2162.0,7
4151.0,7
3371.0,7
1833.0,7
3120.0,7
4815.0,6
1532.0,6
1761.0,6
1965.0,6
1192.0,6
1523.0,6
1806.0,6
1421.0,6
1143.0,6
1400.0,6
1489.0,6
3407.0,6
1201.0,6
1320.0,6
3115.0,6
3551.0,6
3263.0,6
2972.0,6
3252.0,6
1451.0,6
1507.0,6
3331.0,6
1630.0,6
3759.0,6
2882.0,6
1412.0,6
2088.0,6
1515.0,6
2955.0,6
3639.0,6
3537.0,6
3021.0,6
3088.0,6
3051.0,6
3925.0,6
3015.0,6
2376.0,6
2254.0,6
3776.0,6
1216.0,6
1552.0,6
1791.0,6
1387.0,6
1709.0,6
3548.0,6
3468.0,6
1711.0,6
1981.0,6
2958.0,6
3597.0,6
1716.0,6
1129.0,6
1275.0,6
3516.0,6
3856.0,6
3303.0,6
1691.0,6
3311.0,6
3797.0,6
1348.0,6
3372.0,6
1493.0,6
3322.0,6
1484.0,6
1331.0,6
2731.0,6
3442.0,6
3780.0,6
1800.0,6
1500.0,6
3596.0,6
1341.0,6
1547.0,6
1175.0,6
1887.0,6
1155.0,6
3193.0,6
2969.0,6
2350.0,6
1413.0,6
3143.0,6
2111.0,6
3497.0,6
3881.0,6
3459.0,6
3620.0,6
3576.0,6
1327.0,6
1187.0,6
1693.0,6
3574.0,6
3470.0,6
1197.0,6
1423.0,6
3489.0,6
3858.0,6
1746.0,6
1943.0,6
1535.0,6
3012.0,6
3495.0,6
2539.0,6
4425.0,6
2704.0,6
1666.0,6
2921.0,6
1468.0,6
3388.0,6
3356.0,6
3812.0,6
1480.0,6
2891.0,6
3590.0,6
1259.0,6
3250.0,6
2518.0,6
2336.0,6
1750.0,6
1332.0,6
2113.0,6
3454.0,6
1611.0,6
3278.0,6
3438.0,6
1747.0,6
3437.0,6
2954.0,6
3330.0,6
2109.0,6
3018.0,6
3740.0,6
3502.0,6
3833.0,6
3160.0,6
1936.0,6
1848.0,6
3544.0,6
3660.0,6
3604.0,6
1572.0,6
3395.0,6
3326.0,6
1877.0,6
3479.0,6
1726.0,6
1085.0,6
1337.0,6
1449.0,6
1425.0,6
1256.0,6
1723.0,6
1684.0,6
3423.0,6
1659.0,6
2963.0,6
3240.0,6
3521.0,6
1557.0,6
1176.0,6
3360.0,6
1732.0,6
3527.0,6
1128.0,6
3321.0,6
1583.0,6
1652.0,6
2237.0,6
1417.0,6
2215.0,6
1303.0,6
2297.0,6
1772.0,6
1210.0,6
2200.0,6
2023.0,6
3269.0,6
3348.0,6
2037.0,6
3385.0,6
3447.0,6
3359.0,6
1508.0,6
3611.0,6
3939.0,6
1610.0,6
3499.0,6
1095.0,6
1845.0,6
1876.0,6
3633.0,6
3336.0,6
3293.0,6
1934.0,6
1870.0,6
1776.0,6
3258.0,6
4088.0,6
1223.0,6
2199.0,6
1743.0,6
2990.0,6
3300.0,6
3096.0,6
2287.0,6
1927.0,6
3146.0,6
1974.0,6
3011.0,6
1766.0,6
1638.0,6
1438.0,6
3343.0,6
3553.0,6
1368.0,6
3434.0,6
2216.0,6
2042.0,6
3332.0,6
2952.0,6
1191.0,6
2601.0,6
1326.0,6
1818.0,6
2174.0,6
1956.0,6
2887.0,6
1884.0,6
1205.0,6
3035.0,6
3488.0,6
2977.0,6
1853.0,6
2994.0,6
1618.0,6
3531.0,6
3114.0,6
2734.0,6
3369.0,6
2363.0,6
1764.0,6
3353.0,6
3464.0,6
2068.0,6
3875.0,6
3498.0,6
3077.0,6
1366.0,6
1961.0,6
2953.0,6
1227.0,6
1890.0,6
1525.0,6
2851.0,6
3659.0,6
2947.0,6
2964.0,6
3844.0,6
3312.0,6
1345.0,6
1518.0,6
3444.0,6
3850.0,6
1555.0,6
1576.0,6
1374.0,6
1263.0,6
1441.0,6
2051.0,6
3933.0,6
3342.0,6
1958.0,6
3528.0,6
1478.0,6
3151.0,6
1738.0,5
1434.0,5
4032.0,5
1836.0,5
1829.0,5
1749.0,5
1419.0,5
3425.0,5
1866.0,5
1119.0,5
2968.0,5
3692.0,5
1122.0,5
1987.0,5
1782.0,5
4183.0,5
3714.0,5
4496.0,5
1824.0,5
3588.0,5
4337.0,5
3517.0,5
4020.0,5
1739.0,5
1339.0,5
3380.0,5
1803.0,5
1839.0,5
3508.0,5
1975.0,5
3738.0,5
1775.0,5
1724.0,5
4181.0,5
1586.0,5
1424.0,5
1526.0,5
1719.0,5
3505.0,5
1737.0,5
3654.0,5
1361.0,5
3472.0,5
3791.0,5
1476.0,5
1688.0,5
3573.0,5
3677.0,5
3926.0,5
3583.0,5
3038.0,5
1614.0,5
3306.0,5
4175.0,5
1741.0,5
2257.0,5
2156.0,5
1147.0,5
3668.0,5
1578.0,5
3763.0,5
3617.0,5
1907.0,5
1790.0,5
4083.0,5
1545.0,5
4201.0,5
3506.0,5
1575.0,5
1710.0,5
3814.0,5
1233.0,5
1316.0,5
1731.0,5
3735.0,5
1683.0,5
2983.0,5
4085.0,5
3566.0,5
2856.0,5
3397.0,5
1452.0,5
1755.0,5
3042.0,5
1734.0,5
1207.0,5
3439.0,5
1964.0,5
3281.0,5
3686.0,5
1365.0,5
1306.0,5
1838.0,5
1916.0,5
3570.0,5
3449.0,5
3733.0,5
1742.0,5
1517.0,5
1706.0,5
3027.0,5
1091.0,5
1868.0,5
4274.0,5
4111.0,5
3752.0,5
3971.0,5
1707.0,5
3384.0,5
4303.0,5
4556.0,5
3822.0,5
3690.0,5
3618.0,5
3403.0,5
3147.0,5
3460.0,5
1371.0,5
3699.0,5
1628.0,5
2689.0,5
2014.0,5
3536.0,5
3808.0,5
3789.0,5
1929.0,5
3433.0,5
3584.0,5
1785.0,5
1895.0,5
1939.0,5
2082.0,5
3710.0,5
3509.0,5
4278.0,5
1585.0,5
1395.0,5
3032.0,5
3705.0,5
4285.0,5
3327.0,5
3601.0,5
1539.0,5
1510.0,5
1933.0,5
1835.0,5
1598.0,5
3641.0,5
3000.0,5
3008.0,5
1600.0,5
4624.0,5
3557.0,5
3587.0,5
1353.0,5
1893.0,5
3671.0,5
1813.0,5
1440.0,5
4055.0,5
1483.0,5
3905.0,5
3820.0,5
3291.0,5
4000.0,5
4371.0,5
2604.0,5
1699.0,5
1126.0,5
3560.0,5
3746.0,5
1553.0,5
3552.0,5
3748.0,5
1211.0,5
1597.0,5
1648.0,5
4302.0,5
2278.0,5
2339.0,5
3174.0,5
1689.0,5
3399.0,5
2823.0,5
1328.0,5
3220.0,5
1857.0,5
1414.0,5
4004.0,5
3424.0,5
1333.0,5
1411.0,5
1805.0,5
1865.0,5
3277.0,5
3891.0,5
1729.0,5
3961.0,5
3689.0,5
3408.0,5
1577.0,5
3375.0,5
1376.0,5
1580.0,5
2398.0,5
3983.0,5
1429.0,5
3911.0,5
3276.0,5
1817.0,5
3178.0,5
1503.0,5
1918.0,5
1680.0,5
3744.0,5
3589.0,5
1632.0,5
1847.0,5
3863.0,5
1362.0,5
1917.0,5
3938.0,5
3301.0,5
3608.0,5
1690.0,5
1945.0,5
3682.0,5
1396.0,5
3345.0,5
3265.0,5
1728.0,5
1912.0,5
3455.0,5
1372.0,5
1692.0,5
3487.0,5
2175.0,5
3928.0,5
4264.0,5
3308.0,5
1804.0,5
3628.0,5
3720.0,5
1446.0,5
2988.0,5
1546.0,5
3658.0,5
3346.0,5
3153.0,5
3651.0,5
1522.0,5
1398.0,5
2678.0,5
1283.0,5
1802.0,5
4091.0,5
3490.0,5
3224.0,5
1367.0,5
3799.0,5
1590.0,5
3672.0,5
4360.0,5
1983.0,5
2074.0,5
3555.0,5
1465.0,5
3723.0,5
3329.0,5
3389.0,5
1947.0,5
3757.0,5
1644.0,5
4188.0,5
4595.0,5
3320.0,5
4324.0,5
4215.0,5
1650.0,5
1966.0,5
3669.0,5
1705.0,5
3950.0,5
3309.0,5
4952.0,5
1702.0,5
3578.0,5
1861.0,5
2225.0,5
1487.0,5
1494.0,5
1352.0,5
1795.0,5
1599.0,5
3500.0,5
1462.0,5
3855.0,4
3610.0,4
2060.0,4
4225.0,4
2030.0,4
3354.0,4
1801.0,4
3448.0,4
3921.0,4
3747.0,4
1188.0,4
3341.0,4
3726.0,4
3287.0,4
1467.0,4
1736.0,4
4374.0,4
3575.0,4
3769.0,4
3737.0,4
3949.0,4
3159.0,4
3351.0,4
3923.0,4
3338.0,4
4263.0,4
1404.0,4
3745.0,4
3392.0,4
3405.0,4
1461.0,4
3586.0,4
3661.0,4
4228.0,4
3771.0,4
3990.0,4
3767.0,4
3678.0,4
3503.0,4
1512.0,4
3895.0,4
2052.0,4
4590.0,4
1469.0,4
3832.0,4
3373.0,4
2098.0,4
3419.0,4
3750.0,4
1637.0,4
2022.0,4
1373.0,4
4338.0,4
3492.0,4
3210.0,4
3652.0,4
2067.0,4
3496.0,4
5616.0,4
1830.0,4
4002.0,4
1212.0,4
3841.0,4
4136.0,4
1433.0,4
4578.0,4
1273.0,4
3493.0,4
4105.0,4
3730.0,4
1594.0,4
1380.0,4
4276.0,4
4012.0,4
4878.0,4
1745.0,4
1454.0,4
1727.0,4
4250.0,4
3657.0,4
4210.0,4
3370.0,4
1146.0,4
1914.0,4
3673.0,4
3621.0,4
4148.0,4
3914.0,4
3561.0,4
2965.0,4
3670.0,4
1551.0,4
5100.0,4
1392.0,4
3653.0,4
3783.0,4
4252.0,4
3431.0,4
3625.0,4
1921.0,4
1621.0,4
3984.0,4
1550.0,4
1206.0,4
3514.0,4
4485.0,4
4296.0,4
1613.0,4
3567.0,4
1915.0,4
1541.0,4
1432.0,4
1609.0,4
3642.0,4
4532.0,4
1872.0,4
5262.0,4
1502.0,4
4502.0,4
4500.0,4
3510.0,4
4427.0,4
1260.0,4
3810.0,4
1606.0,4
4395.0,4
3919.0,4
1593.0,4
3457.0,4
3988.0,4
3197.0,4
4471.0,4
4358.0,4
3328.0,4
4480.0,4
4976.0,4
1351.0,4
4599.0,4
3599.0,4
1357.0,4
3214.0,4
3549.0,4
3319.0,4
3736.0,4
1883.0,4
4204.0,4
1808.0,4
3761.0,4
4341.0,4
4207.0,4
4352.0,4
4043.0,4
3290.0,4
1901.0,4
3594.0,4
4166.0,4
3715.0,4
3513.0,4
2166.0,4
3466.0,4
1831.0,4
4381.0,4
3964.0,4
4280.0,4
1676.0,4
3908.0,4
5105.0,4
3275.0,4
1213.0,4
3876.0,4
2337.0,4
3476.0,4
3411.0,4
1744.0,4
3463.0,4
3410.0,4
1409.0,4
4650.0,4
4066.0,4
1455.0,4
3666.0,4
1497.0,4
1354.0,4
3935.0,4
3485.0,4
1913.0,4
4367.0,4
1459.0,4
3879.0,4
4179.0,4
3355.0,4
1863.0,4
3366.0,4
1796.0,4
1325.0,4
2293.0,4
4140.0,4
3838.0,4
4009.0,4
3581.0,4
4080.0,4
3297.0,4
3687.0,4
3650.0,4
1473.0,4
2985.0,4
3539.0,4
1763.0,4
1472.0,4
1410.0,4
1445.0,4
4339.0,4
3545.0,4
3137.0,4
1694.0,4
3945.0,4
3602.0,4
4010.0,4
3168.0,4
1099.0,4
1420.0,4
3091.0,4
3613.0,4
3709.0,4
3801.0,4
3788.0,4
1733.0,4
3349.0,4
3727.0,4
4522.0,4
1401.0,4
3864.0,4
1416.0,4
3691.0,4
4385.0,4
3267.0,4
4195.0,4
2611.0,4
3239.0,4
1482.0,4
3937.0,4
4694.0,4
3367.0,4
1540.0,4
4047.0,4
3273.0,4
4124.0,4
4293.0,4
3827.0,4
1464.0,4
1860.0,4
3790.0,4
3753.0,4
1202.0,4
3839.0,4
1519.0,4
3809.0,4
1760.0,4
1730.0,4
3936.0,4
3352.0,4
3930.0,4
3960.0,4
1670.0,4
1428.0,4
1369.0,4
4199.0,4
1604.0,4
3422.0,4
3534.0,4
3230.0,4
3415.0,4
3963.0,4
3683.0,4
1548.0,4
1457.0,4
1787.0,4
3722.0,4
5076.0,3
4315.0,3
3432.0,3
4372.0,3
4505.0,3
1466.0,3
4763.0,3
3624.0,3
4346.0,3
3704.0,3
3798.0,3
3732.0,3
4082.0,3
3337.0,3
2666.0,3
1815.0,3
1475.0,3
3524.0,3
4467.0,3
4493.0,3
4807.0,3
4408.0,3
4022.0,3
4267.0,3
4462.0,3
4222.0,3
3456.0,3
4150.0,3
1841.0,3
1529.0,3
4260.0,3
4056.0,3
4235.0,3
3749.0,3
4336.0,3
1797.0,3
3804.0,3
4465.0,3
4288.0,3
4744.0,3
1574.0,3
4321.0,3
3632.0,3
4488.0,3
3951.0,3
3286.0,3
4563.0,3
3259.0,3
1509.0,3
3377.0,3
3383.0,3
4131.0,3
1460.0,3
3781.0,3
3630.0,3
3603.0,3
3391.0,3
4314.0,3
1663.0,3
6019.0,3
3646.0,3
3853.0,3
4211.0,3
4678.0,3
1389.0,3
1641.0,3
4939.0,3
5155.0,3
3970.0,3
3802.0,3
1629.0,3
5256.0,3
4329.0,3
1819.0,3
4440.0,3
1559.0,3
4469.0,3
3734.0,3
3836.0,3
3640.0,3
4139.0,3
3507.0,3
4428.0,3
5125.0,3
3519.0,3
3317.0,3
3845.0,3
1298.0,3
3917.0,3
3562.0,3
3697.0,3
4989.0,3
4794.0,3
4786.0,3
4298.0,3
3897.0,3
3532.0,3
4117.0,3
3440.0,3
3953.0,3
5796.0,3
3848.0,3
3413.0,3
3675.0,3
3404.0,3
1757.0,3
1668.0,3
3956.0,3
4343.0,3
4431.0,3
3900.0,3
4097.0,3
4143.0,3
3712.0,3
4876.0,3
1157.0,3
4369.0,3
4154.0,3
3554.0,3
1447.0,3
3605.0,3
3382.0,3
9008.0,3
4067.0,3
4887.0,3
3706.0,3
1378.0,3
4747.0,3
3614.0,3
4932.0,3
4409.0,3
4036.0,3
3645.0,3
4980.0,3
1774.0,3
4096.0,3
4029.0,3
5389.0,3
3912.0,3
3638.0,3
3387.0,3
5404.0,3
1696.0,3
3292.0,3
3775.0,3
4479.0,3
4323.0,3
4473.0,3
3412.0,3
4277.0,3
3648.0,3
5079.0,3
4693.0,3
3786.0,3
4531.0,3
2672.0,3
1771.0,3
4362.0,3
4668.0,3
4223.0,3
4331.0,3
3592.0,3
3674.0,3
5146.0,3
1556.0,3
4170.0,3
4603.0,3
4549.0,3
1538.0,3
3585.0,3
3768.0,3
4441.0,3
4421.0,3
3591.0,3
4734.0,3
3310.0,3
4110.0,3
3870.0,3
3333.0,3
4077.0,3
4137.0,3
4008.0,3
4561.0,3
3364.0,3
3813.0,3
3843.0,3
4430.0,3
3909.0,3
4356.0,3
5676.0,3
4683.0,3
1350.0,3
1439.0,3
3696.0,3
1582.0,3
1677.0,3
3910.0,3
1554.0,3
4306.0,3
3469.0,3
4731.0,3
3958.0,3
3684.0,3
3868.0,3
1687.0,3
1584.0,3
4677.0,3
3676.0,3
3436.0,3
4319.0,3
4057.0,3
1626.0,3
1486.0,3
3550.0,3
4226.0,3
3451.0,3
4037.0,3
1682.0,3
3475.0,3
5377.0,3
9128.0,3
3773.0,3
5617.0,3
4125.0,3
5041.0,3
4309.0,3
3538.0,3
1470.0,3
3874.0,3
8532.0,3
4071.0,3
1436.0,3
5431.0,3
1882.0,3
1453.0,3
1471.0,3
4119.0,3
3842.0,3
4273.0,3
3920.0,3
3815.0,3
2136.0,3
3805.0,3
3564.0,3
4713.0,3
5255.0,3
5241.0,3
3846.0,3
4287.0,3
3430.0,3
4882.0,3
4099.0,3
3932.0,3
4517.0,3
3619.0,3
3229.0,3
3347.0,3
1542.0,3
4299.0,3
1821.0,3
3616.0,3
3695.0,3
1408.0,3
4684.0,3
4048.0,3
3754.0,3
1587.0,3
3600.0,3
3899.0,3
5098.0,3
1906.0,3
4883.0,3
3794.0,3
4196.0,3
4943.0,3
4224.0,3
4072.0,3
3429.0,3
4227.0,3
3643.0,3
8930.0,3
4261.0,3
1458.0,3
3637.0,3
5021.0,3
4018.0,3
3612.0,3
3782.0,3
3825.0,3
3967.0,3
3595.0,3
3973.0,3
4042.0,3
5005.0,3
4375.0,3
3831.0,3
4772.0,3
3892.0,3
3486.0,3
3461.0,3
3758.0,3
5934.0,3
1703.0,3
3985.0,3
3261.0,3
1437.0,3
4463.0,3
3784.0,3
4705.0,3
4217.0,3
1704.0,3
8024.0,3
4340.0,3
3823.0,3
4193.0,3
1640.0,3
3977.0,3
4322.0,3
4027.0,3
3731.0,3
1375.0,3
3819.0,3
3480.0,3
4611.0,3
4090.0,3
3778.0,3
1809.0,3
4482.0,3
3867.0,3
3679.0,3
4513.0,3
3861.0,3
1549.0,3
3852.0,3
4721.0,3
5024.0,3
3980.0,3
4114.0,3
4050.0,3
1979.0,3
3851.0,3
1867.0,3
4990.0,3
4429.0,3
3649.0,3
3568.0,3
4294.0,3
3830.0,3
4272.0,3
4383.0,3
4165.0,3
3629.0,3
4728.0,3
3664.0,3
3702.0,3
4255.0,3
4416.0,3
3743.0,3
3656.0,3
3755.0,3
4146.0,3
4623.0,3
3816.0,3
3522.0,3
3518.0,3
4292.0,3
4930.0,3
3515.0,3
4379.0,3
3708.0,2
4491.0,2
4627.0,2
4318.0,2
4234.0,2
1488.0,2
8647.0,2
3824.0,2
3593.0,2
4766.0,2
5029.0,2
5369.0,2
4941.0,2
3572.0,2
5926.0,2
4792.0,2
4239.0,2
4031.0,2
5718.0,2
3569.0,2
4658.0,2
4190.0,2
4152.0,2
5106.0,2
3800.0,2
8608.0,2
4419.0,2
4637.0,2
3880.0,2
3878.0,2
5954.0,2
3952.0,2
4572.0,2
2167.0,2
4289.0,2
3982.0,2
4270.0,2
8931.0,2
3954.0,2
5047.0,2
3779.0,2
4576.0,2
3859.0,2
4001.0,2
4391.0,2
4205.0,2
8845.0,2
3996.0,2
1635.0,2
3512.0,2
4407.0,2
4376.0,2
4286.0,2
4327.0,2
3598.0,2
5026.0,2
4938.0,2
1565.0,2
4680.0,2
4535.0,2
1708.0,2
3694.0,2
1581.0,2
5706.0,2
4656.0,2
5138.0,2
8942.0,2
5216.0,2
3829.0,2
4690.0,2
3416.0,2
4753.0,2
3944.0,2
4378.0,2
5027.0,2
3795.0,2
4162.0,2
3975.0,2
5084.0,2
3504.0,2
4816.0,2
5289.0,2
5111.0,2
4555.0,2
4320.0,2
5500.0,2
8998.0,2
4220.0,2
4177.0,2
4758.0,2
4450.0,2
4960.0,2
4241.0,2
5174.0,2
4685.0,2
4765.0,2
8759.0,2
5268.0,2
3729.0,2
4520.0,2
3872.0,2
8731.0,2
5459.0,2
5417.0,2
3520.0,2
4005.0,2
4621.0,2
3728.0,2
4841.0,2
1607.0,2
3302.0,2
4394.0,2
4503.0,2
5108.0,2
5173.0,2
8978.0,2
3760.0,2
5123.0,2
4122.0,2
4551.0,2
4444.0,2
3890.0,2
1748.0,2
3882.0,2
1671.0,2
4540.0,2
4388.0,2
3577.0,2
1490.0,2
5407.0,2
3703.0,2
4246.0,2
6064.0,2
3946.0,2
4180.0,2
4511.0,2
4738.0,2
1651.0,2
4414.0,2
4368.0,2
8394.0,2
4524.0,2
4417.0,2
4907.0,2
5344.0,2
3756.0,2
4326.0,2
1579.0,2
5607.0,2
3636.0,2
4094.0,2
3716.0,2
4537.0,2
8817.0,2
4515.0,2
3282.0,2
4567.0,2
5109.0,2
4875.0,2
3806.0,2
21026.0,2
1784.0,2
5896.0,2
6360.0,2
5133.0,2
3826.0,2
4834.0,2
5471.0,2
4030.0,2
4940.0,2
4886.0,2
8538.0,2
3931.0,2
5901.0,2
4156.0,2
8751.0,2
4035.0,2
4745.0,2
3533.0,2
4173.0,2
3006.0,2
3916.0,2
8474.0,2
4189.0,2
3478.0,2
4457.0,2
5075.0,2
4420.0,2
5008.0,2
4494.0,2
4405.0,2
5943.0,2
4275.0,2
4335.0,2
9083.0,2
8963.0,2
4073.0,2
3785.0,2
3866.0,2
5474.0,2
3718.0,2
3962.0,2
4726.0,2
1568.0,2
3420.0,2
4826.0,2
4527.0,2
8510.0,2
4160.0,2
5142.0,2
3989.0,2
4718.0,2
5242.0,2
5134.0,2
3901.0,2
4545.0,2
3615.0,2
9127.0,2
5080.0,2
1588.0,2
8689.0,2
4455.0,2
4060.0,2
4442.0,2
5236.0,2
8934.0,2
1714.0,2
4086.0,2
4498.0,2
4512.0,2
5209.0,2
5787.0,2
4850.0,2
5361.0,2
4750.0,2
3828.0,2
3724.0,2
4681.0,2
4492.0,2
3976.0,2
4254.0,2
4780.0,2
3693.0,2
4310.0,2
5427.0,2
4686.0,2
4732.0,2
4789.0,2
4058.0,2
4961.0,2
4504.0,2
8501.0,2
4470.0,2
4011.0,2
8600.0,2
3565.0,2
3834.0,2
4244.0,2
4258.0,2
5378.0,2
4070.0,2
4361.0,2
3888.0,2
7014.0,2
4003.0,2
4081.0,2
4317.0,2
3717.0,2
4069.0,2
4617.0,2
4418.0,2
3787.0,2
5207.0,2
1492.0,2
4045.0,2
4648.0,2
6419.0,2
5831.0,2
3948.0,2
4992.0,2
3898.0,2
4295.0,2
4898.0,2
8860.0,2
2785.0,2
3481.0,2
4638.0,2
4279.0,2
3741.0,2
1631.0,2
4118.0,2
9141.0,2
4791.0,2
4178.0,2
1751.0,2
3707.0,2
5010.0,2
4197.0,2
4269.0,2
3340.0,2
5247.0,2
1765.0,2
5161.0,2
4451.0,2
4403.0,2
4873.0,2
3647.0,2
3796.0,2
4820.0,2
4710.0,2
5019.0,2
4424.0,2
5121.0,2
5636.0,2
4291.0,2
5539.0,2
5495.0,2
5453.0,2
8749.0,2
4449.0,2
4602.0,2
5733.0,2
4348.0,2
3739.0,2
4386.0,2
3792.0,2
3968.0,2
4308.0,2
4554.0,2
5380.0,2
4597.0,2
4104.0,2
3821.0,2
3401.0,2
4248.0,2
4108.0,2
8705.0,2
4155.0,2
4959.0,2
4454.0,2
6340.0,2
2214841.0,2
3187.0,2
5337.0,2
4968.0,2
3623.0,2
4290.0,2
1422.0,2
3847.0,2
4350.0,2
5095.0,2
4333.0,2
3530.0,2
4202.0,2
4347.0,2
5785.0,2
8743.0,2
1370.0,2
5308.0,2
4951.0,2
4902.0,2
5479.0,2
3793.0,2
3246.0,2
4587.0,2
6310.0,2
6896.0,2
4754.0,2
4377.0,2
4631.0,2
4311.0,2
4268.0,2
4872.0,2
4065.0,2
3994.0,2
5239.0,2
8392.0,2
5588.0,2
4074.0,2
3915.0,2
4865.0,2
5451.0,2
3698.0,2
4591.0,2
9061.0,2
1920.0,2
4996.0,2
4349.0,2
5396.0,2
5082.0,2
1756.0,2
4245.0,2
6047.0,2
6230.0,2
1984.0,2
4415.0,2
4477.0,2
4138.0,2
4889.0,2
6748.0,2
4249.0,2
3473.0,2
4145.0,2
4542.0,2
5509.0,2
4028.0,2
4332.0,2
4729.0,2
4739.0,2
3987.0,2
7868.0,2
4983.0,2
4813.0,2
3886.0,2
5496.0,2
3887.0,2
9306.0,2
3579.0,2
5747.0,2
3634.0,2
8889.0,2
5049.0,2
4857.0,2
5044.0,2
4982.0,2
4382.0,2
3854.0,2
5360.0,2
5034.0,2
4359.0,2
8682.0,2
4345.0,2
3526.0,2
3807.0,2
4539.0,2
5036.0,2
5426.0,2
5181.0,2
3644.0,2
4639.0,2
5520.0,2
8539.0,2
4923.0,2
5327.0,2
8461.0,2
3765.0,2
4305.0,2
1534.0,2
5668.0,2
4392.0,2
5077.0,2
5303.0,2
6233.0,2
1642.0,2
8667.0,2
4645.0,2
4404.0,2
5965.0,2
5723.0,2
8690.0,2
4675.0,2
3904.0,2
4748.0,2
3943.0,2
3997.0,2
1399.0,2
6298.0,2
5922.0,2
5140.0,2
1591.0,2
4860.0,2
4553.0,2
4914.0,2
4301.0,2
4776.0,2
3927.0,2
8561.0,2
4400.0,2
5217.0,2
1665.0,2
4266.0,2
5046.0,2
5519.0,2
4523.0,2
4016.0,2
3685.0,2
5214.0,2
8384.0,2
8562.0,2
4015.0,2
4861.0,2
8604.0,2
4393.0,2
3871.0,2
4548.0,2
4176.0,2
4671.0,2
4528.0,2
3725.0,2
4837.0,2
9095.0,2
4666.0,2
4533.0,2
4909.0,2
4682.0,2
5246.0,2
4357.0,2
4233.0,2
4068.0,2
8422.0,2
3742.0,2
3688.0,2
1846.0,2
3981.0,2
4256.0,2
5847.0,2
4236.0,2
3902.0,2
5273.0,2
3873.0,2
4708.0,2
4423.0,2
5158.0,1
4059.0,1
4406.0,1
2666042.0,1
4825.0,1
6175.0,1
4768.0,1
5056.0,1
5333.0,1
8289.0,1
9021.0,1
5603.0,1
4947.0,1
7134.0,1
9191.0,1
6092.0,1
6006.0,1
9026.0,1
5002.0,1
9216.0,1
4568.0,1
5283.0,1
5524.0,1
4054.0,1
4799.0,1
8342.0,1
5544.0,1
8370.0,1
16575.0,1
9232.0,1
6056.0,1
9148.0,1
5099.0,1
8568.0,1
3772.0,1
18794.0,1
5470.0,1
6134.0,1
4387.0,1
6026.0,1
4120.0,1
8285.0,1
4613.0,1
6869.0,1
5966.0,1
4987.0,1
5892.0,1
4589.0,1
4830.0,1
5679.0,1
5667.0,1
4868.0,1
8714.0,1
5463.0,1
4460.0,1
6035.0,1
5629.0,1
6243.0,1
5435.0,1
8622.0,1
8791.0,1
2616270.0,1
3974.0,1
9090.0,1
7531.0,1
8785.0,1
4399.0,1
8895.0,1
8697.0,1
5768.0,1
17061.0,1
5531.0,1
2702414.0,1
3365.0,1
9035.0,1
6907.0,1
16691.0,1
5822.0,1
4767.0,1
5970.0,1
4855.0,1
5016.0,1
4501.0,1
5330.0,1
4741.0,1
8569.0,1
5726.0,1
9130.0,1
17225.0,1
1615276.0,1
5978.0,1
6335.0,1
3665.0,1
16706.0,1
999996386.0,1
4913.0,1
7420.0,1
5933.0,1
4426.0,1
8993.0,1
4984.0,1
2739219.0,1
8907.0,1
2514774.0,1
5820.0,1
8389.0,1
4665.0,1
1442345.0,1
4593.0,1
5212.0,1
1442387.0,1
7440.0,1
5168.0,1
8648.0,1
4922.0,1
5874.0,1
5204.0,1
3840.0,1
1624045.0,1
7019.0,1
9157.0,1
6690.0,1
4986.0,1
10549.0,1
5532.0,1
5088.0,1
8623.0,1
9206.0,1
7026.0,1
9488.0,1
5060.0,1
4366.0,1
5845.0,1
4571.0,1
14457.0,1
8379.0,1
8318.0,1
4994.0,1
4936.0,1
5829.0,1
8178.0,1
5550.0,1
3903.0,1
5388.0,1
30453006.0,1
3835.0,1
5780.0,1
6424.0,1
4711.0,1
4609.0,1
6020.0,1
7253.0,1
4130.0,1
8854.0,1
8198.0,1
4808.0,1
6547.0,1
5269.0,1
4390.0,1
6626.0,1
8452.0,1
4881.0,1
10412.0,1
8626.0,1
4716.0,1
6531.0,1
8809.0,1
5311.0,1
5132.0,1
4814.0,1
5294.0,1
8646.0,1
5037.0,1
8488.0,1
8000.0,1
4312.0,1
9401.0,1
8610.0,1
1827830.0,1
5542.0,1
263090.0,1
8982.0,1
6961.0,1
4538.0,1
2214119.0,1
4373.0,1
6120.0,1
8636.0,1
4863.0,1
6615.0,1
3655.0,1
5312.0,1
5702.0,1
5919.0,1
7415.0,1
4436.0,1
5346.0,1
4573.0,1
5906.0,1
4363.0,1
4257.0,1
5439.0,1
4730.0,1
5809.0,1
8869.0,1
9197.0,1
4458.0,1
16840.0,1
10095.0,1
15534.0,1
8333.0,1
5916.0,1
6558.0,1
2739332.0,1
8298.0,1
4229.0,1
3811.0,1
8467.0,1
6641.0,1
5957.0,1
4076.0,1
3484.0,1
4633.0,1
16674.0,1
4112.0,1
5589.0,1
8688.0,1
4925.0,1
8492.0,1
5691.0,1
5159.0,1
5315.0,1
4811.0,1
4664.0,1
4106.0,1
6373.0,1
8110.0,1
9330.0,1
5124.0,1
3877.0,1
5635.0,1
4103.0,1
9307.0,1
6487.0,1
6254.0,1
5277.0,1
6131.0,1
6319.0,1
4649.0,1
5251.0,1
9122.0,1
7113.0,1
4818.0,1
4541.0,1
5341.0,1
5719.0,1
4890.0,1
8925.0,1
8936.0,1
9850.0,1
5114.0,1
5420.0,1
5006.0,1
8593.0,1
4107.0,1
9096.0,1
6546.0,1
8994.0,1
4949.0,1
5410.0,1
9179.0,1
8753.0,1
6435.0,1
8364.0,1
4135.0,1
4231.0,1
6561.0,1
16509.0,1
5638.0,1
4977.0,1
9435.0,1
15247.0,1
6034.0,1
4817.0,1
9721.0,1
4643.0,1
8979.0,1
4845.0,1
4635.0,1
3.438,1
6077.0,1
5176.0,1
5462.0,1
4762.0,1
5911.0,1
6553.0,1
6752.0,1
4843.0,1
16187.0,1
8543.0,1
8773.0,1
3681.0,1
16554.0,1
4053.0,1
7768.0,1
6902.0,1
5120.0,1
2700268.0,1
5281.0,1
4810.0,1
6193.0,1
4013.0,1
4487.0,1
4453.0,1
5356.0,1
4978.0,1
4489.0,1
5316.0,1
5855.0,1
63777.0,1
16206.0,1
4870.0,1
8874.0,1
5704.0,1
3992.0,1
4472.0,1
2699469.0,1
8502.0,1
4903.0,1
7161.0,1
5686.0,1
4829.0,1
6302.0,1
6522.0,1
4592.0,1
8924.0,1
5352.0,1
8828.0,1
3471.0,1
9192.0,1
8123.0,1
4699.0,1
8203.0,1
4827.0,1
8742.0,1
7736.0,1
7001.0,1
8657.0,1
8324.0,1
5103.0,1
6109.0,1
6184.0,1
8948.0,1
4163.0,1
4575.0,1
4389.0,1
8262.0,1
4614.0,1
4364.0,1
4251.0,1
6506.0,1
3453.0,1
9012.0,1
4848.0,1
6766.0,1
4691.0,1
8273.0,1
6711.0,1
6466.0,1
8536.0,1
4466.0,1
5656.0,1
9176.0,1
4929.0,1
4411.0,1
16696.0,1
30279.0,1
5117.0,1
4687.0,1
8872.0,1
6273.0,1
5094.0,1
6125.0,1
4507.0,1
4443.0,1
3995.0,1
6277.0,1
5350.0,1
4757.0,1
4468.0,1
16131.0,1
4412.0,1
4495.0,1
8892.0,1
4660.0,1
4040.0,1
5154.0,1
4945.0,1
5039.0,1
9482.0,1
1633.0,1
4785.0,1
8851.0,1
7109.0,1
4344.0,1
4497.0,1
9059.0,1
16677.0,1
430611.0,1
8435.0,1
5093.0,1
8431.0,1
3889.0,1
4398.0,1
5684.0,1
7764.0,1
8644.0,1
8733.0,1
16635.0,1
5592.0,1
5887.0,1
6614.0,1
4828.0,1
8655.0,1
4186.0,1
5835.0,1
5939.0,1
7194.0,1
4805.0,1
6839.0,1
4927.0,1
3358.0,1
4971.0,1
4006.0,1
5210.0,1
4307.0,1
8477.0,1
3906.0,1
4084.0,1
8656.0,1
8563.0,1
8397.0,1
4126.0,1
6448.0,1
5284.0,1
16714.0,1
8902.0,1
5536.0,1
5472.0,1
5386.0,1
1386.0,1
4557.0,1
7034.0,1
6620.0,1
6311.0,1
16274.0,1
6220.0,1
6779.0,1
5219.0,1
4651.0,1
9036.0,1
4142.0,1
5538.0,1
7267.0,1
5737.0,1
5560.0,1
5286.0,1
6658.0,1
8609.0,1
16662.0,1
3883.0,1
4610.0,1
10091.0,1
4612.0,1
4062.0,1
8737.0,1
8952.0,1
8713.0,1
4864.0,1
8176.0,1
10701.0,1
8449.0,1
9161.0,1
5549.0,1
6814.0,1
6776.0,1
8949.0,1
4689.0,1
8350.0,1
5307.0,1
6169.0,1
8215.0,1
3865.0,1
5708.0,1
5425.0,1
4669.0,1
9446.0,1
13504.0,1
3667.0,1
6374.0,1
5428.0,1
8792.0,1
5199.0,1
16375.0,1
5582.0,1
5593.0,1
8403.0,1
5162.0,1
4821.0,1
4095.0,1
6944.0,1
5017.0,1
6798.0,1
8519.0,1
6369.0,1
6836.0,1
4897.0,1
5662.0,1
8910.0,1
3978.0,1
4950.0,1
6066.0,1
707624.0,1
5065.0,1
5390.0,1
4046.0,1
4583.0,1
8797.0,1
8347.0,1
4778.0,1
8771.0,1
3860.0,1
8460.0,1
8818.0,1
6586.0,1
6445.0,1
4722.0,1
4434.0,1
7120.0,1
4720.0,1
4569.0,1
4089.0,1
4262.0,1
5151.0,1
5057.0,1
6981.0,1
3374.0,1
8079.0,1
6421.0,1
4304.0,1
5745.0,1
6805.0,1
5015.0,1
5182.0,1
4701.0,1
5790.0,1
4646.0,1
4149.0,1
4100.0,1
5938.0,1
6241.0,1
4783.0,1
8534.0,1
8438.0,1
5725.0,1
4723.0,1
9314.0,1
6714.0,1
8846.0,1
8716.0,1
4242.0,1
7501.0,1
8721.0,1
8888.0,1
5812.0,1
5329.0,1
1817606.0,1
8553.0,1
5644.0,1
4998.0,1
6190.0,1
6480.0,1
5225.0,1
6572.0,1
6123.0,1
6114.0,1
4632.0,1
5321.0,1
5694.0,1
8858.0,1
7206.0,1
8659.0,1
5673.0,1
4956.0,1
7289.0,1
4237.0,1
5069.0,1
4325.0,1
5648.0,1
8150.0,1
16641.0,1
8836.0,1
6845.0,1
5323.0,1
5317.0,1
5063.0,1
6351.0,1
6601.0,1
5869.0,1
8421.0,1
4962.0,1
1685108.0,1
6691.0,1
3837.0,1
8574.0,1
10597.0,1
8672.0,1
8526.0,1
3547.0,1
6412.0,1
8022.0,1
5296.0,1
5232.0,1
6228.0,1
6722.0,1
4075.0,1
5058.0,1
6751.0,1
4832.0,1
8984.0,1
5374.0,1
5721.0,1
5475.0,1
8825.0,1
4401.0,1
7352.0,1
6379.0,1
4432.0,1
5449.0,1
4661.0,1
4942.0,1
9686.0,1
4198.0,1
4370.0,1
6146.0,1
5126.0,1
5608.0,1
8383.0,1
315771.0,1
4565.0,1
8918.0,1
4433.0,1
9074.0,1
4606.0,1
5102.0,1
8908.0,1
5001.0,1
6274.0,1
5578.0,1
8763.0,1
4975.0,1
6342.0,1
4580.0,1
5781.0,1
6260.0,1
7564.0,1
5062.0,1
4134.0,1
4259.0,1
5485.0,1
5606.0,1
5552.0,1
5087.0,1
4787.0,1
4973.0,1
1685823.0,1
4781.0,1
8939.0,1
8643.0,1
5452.0,1
4619.0,1
9002.0,1
5823.0,1
6441.0,1
5977.0,1
8523.0,1
9624.0,1
7954.0,1
5097.0,1
5270.0,1
9278.0,1
8425.0,1
16404.0,1
5600.0,1
5196.0,1
5012.0,1
5218.0,1
5264.0,1
8774.0,1
5249.0,1
8147.0,1
4354.0,1
8831.0,1
4064.0,1
3751.0,1
3885.0,1
4596.0,1
16649.0,1
8206.0,1
4158.0,1
5399.0,1
4007.0,1
6858.0,1
8571.0,1
7187.0,1
5853.0,1
8413.0,1
5925.0,1
6151.0,1
4206.0,1
3762.0,1
3993.0,1
4906.0,1
4025.0,1
2534422.0,1
6009.0,1
8381.0,1
5802.0,1
4795.0,1
5991.0,1
5000.0,1
8903.0,1
4456.0,1
1887899.0,1
5265.0,1
5119.0,1
4812.0,1
5272.0,1
9202.0,1
149221.0,1
8766.0,1
9373.0,1
1687038.0,1
3986.0,1
4271.0,1
5150.0,1
9003.0,1
5942.0,1
5112.0,1
4214.0,1
16312.0,1
9182.0,1
5089.0,1
4598.0,1
8870.0,1
5186.0,1
4038.0,1
3713.0,1
7234.0,1
3721.0,1
4869.0,1
4552.0,1
4918.0,1
8509.0,1
4859.0,1
5342.0,1
4078.0,1
8475.0,1
4891.0,1
8060.0,1
5672.0,1
4921.0,1
4704.0,1
8772.0,1
6739.0,1
4192.0,1
6605.0,1
4115.0,1
4937.0,1
10993.0,1
8912.0,1
5198.0,1
3363.0,1
4779.0,1
5445.0,1
5135.0,1
6453.0,1
8224.0,1
9085.0,1
514824.0,1
4238.0,1
4435.0,1
5683.0,1
4581.0,1
5584.0,1
7349.0,1
9175.0,1
11720.0,1
5189.0,1
5734.0,1
8480.0,1
18560.0,1
6266.0,1
4618.0,1
5128.0,1
4079.0,1
8782.0,1
4182.0,1
5848.0,1
4620.0,1
9050.0,1
5473.0,1
4782.0,1
9872.0,1
16615.0,1
3764.0,1
5110.0,1
7847.0,1
5956.0,1
4445.0,1
4969.0,1
6210.0,1
4885.0,1
4203.0,1
8739.0,1
4774.0,1
9110.0,1
5968.0,1
5546.0,1
5511.0,1
6341.0,1
6268.0,1
6674.0,1
8588.0,1
5755.0,1
9104.0,1
4044.0,1
8602.0,1
3418.0,1
6757.0,1
1324.0,1
5700.0,1
18003.0,1
5658.0,1
8374.0,1
6382.0,1
6018.0,1
4905.0,1
9211.0,1
8802.0,1
6055.0,1
16489.0,1
4033.0,1
4742.0,1
4636.0,1
10543.0,1
8953.0,1
3766.0,1
5052.0,1
4712.0,1
6068.0,1
3869.0,1
4221.0,1
7786.0,1
4796.0,1
6057.0,1
8590.0,1
4663.0,1
10652.0,1
4676.0,1
4991.0,1
3979.0,1
4755.0,1
4159.0,1
6540.0,1
5841.0,1
4526.0,1
4157.0,1
4355.0,1
4123.0,1
16534.0,1
4899.0,1
4544.0,1
6061.0,1
9020.0,1
4448.0,1
8720.0,1
3896.0,1
4216.0,1
4993.0,1
6063.0,1
5130.0,1
16695.0,1
4574.0,1
3922.0,1
3542.0,1
6104.0,1
16481.0,1
6770.0,1
4756.0,1
8305.0,1
6347.0,1
5540.0,1
7071.0,1
4051.0,1
5129.0,1
6442.0,1
5456.0,1
8613.0,1
5253.0,1
4700.0,1
4490.0,1
6841.0,1
5276.0,1
4703.0,1
5175.0,1
6756.0,1
7810.0,1
4933.0,1
8748.0,1
8806.0,1
4365.0,1
4697.0,1
6427.0,1
232242.0,1
4844.0,1
8182.0,1
4530.0,1
5213.0,1
5259.0,1
5575.0,1
4518.0,1
5053.0,1
5074.0,1
4019.0,1
5240.0,1
8887.0,1
4777.0,1
4437.0,1
4446.0,1
5674.0,1
8750.0,1
3955.0,1
5669.0,1
5568.0,1
5358.0,1
5468.0,1
5156.0,1
5211.0,1
8446.0,1
7628.0,1
4804.0,1
4847.0,1
4559.0,1
2665944.0,1
8637.0,1
5951.0,1
5492.0,1
8704.0,1
5066.0,1
4999.0,1
4740.0,1
5116.0,1
1428472.0,1
1474.0,1
4132.0,1
3494.0,1
14549.0,1
5051.0,1
5297.0,1
4185.0,1
5384.0,1
1601.0,1
4171.0,1
3635.0,1
9149.0,1
4600.0,1
8871.0,1
8865.0,1
5574.0,1
6471.0,1
5583.0,1
5709.0,1
5054.0,1
8635.0,1
4964.0,1
9022.0,1
5190.0,1
5689.0,1
10256.0,1
4459.0,1
7127.0,1
6851.0,1
3959.0,1
5215.0,1
4092.0,1
5235.0,1
16796.0,1
30804.0,1
6308.0,1
6344.0,1
5714.0,1
4213.0,1
8711.0,1
4284.0,1
4948.0,1
9063.0,1
3957.0,1
8699.0,1
10921.0,1
5998.0,1
6532.0,1
4297.0,1
3777.0,1
5415.0,1
3947.0,1
5458.0,1
4169.0,1
4558.0,1
9375.0,1
3817.0,1
4974.0,1
4153.0,1
5987.0,1
8548.0,1
9177.0,1
9079.0,1
5085.0,1
5152.0,1
8770.0,1
5228.0,1
4981.0,1
8195.0,1
4218.0,1
7186.0,1
4508.0,1
6657.0,1
3378.0,1
5784.0,1
7714.0,1
5430.0,1
16514.0,1
10688.0,1
8875.0,1
2558850.0,1
4039.0,1
8399.0,1
5551.0,1
5258.0,1
3256.0,1
5394.0,1
9039.0,1
8745.0,1
8805.0,1
5018.0,1
4604.0,1
8832.0,1
5893.0,1
4243.0,1
1685792.0,1
4439.0,1
4856.0,1
4963.0,1
5858.0,1
16353.0,1
3701.0,1
12043.0,1
6385.0,1
5405.0,1
3884.0,1
5604.0,1
3631.0,1
6008.0,1
6030.0,1
6689.0,1
9666.0,1
77340.0,1
3350.0,1
4461.0,1
4679.0,1
4652.0,1
16270.0,1
8482.0,1
4478135.0,1
4659.0,1
4240.0,1
4519.0,1
4230.0,1
3627.0,1
4116.0,1
8274.0,1
4797.0,1
4534.0,1
8300.0,1
2699734.0,1
8794.0,1
5864.0,1
8165.0,1
7257.0,1
4784.0,1
8898.0,1
5793.0,1
5670.0,1
4958.0,1
5773.0,1
4474.0,1
5340.0,1
8114.0,1
8495.0,1
4894.0,1
5406.0,1
4670.0,1
4141.0,1
5623.0,1
5025.0,1
193666.0,1
9087.0,1
6410.0,1
5166.0,1
5469.0,1
5163.0,1
4908.0,1
5612.0,1
6115.0,1
5597.0,1
5402.0,1
5900.0,1
4743.0,1
14840.0,1
4717.0,1
5715.0,1
8595.0,1
8735.0,1
4715.0,1
6959.0,1
6778.0,1
4839.0,1
8311.0,1
13412.0,1
4253.0,1
8971.0,1
4588.0,1
8583.0,1
5309.0,1
4353.0,1
20173.0,1
5107.0,1
9134.0,1
1655810.0,1
3934.0,1
6160.0,1
5188.0,1
3626.0,1
5042.0,1
4499.0,1
31575.0,1
5334.0,1
5935.0,1
18934.0,1
9052.0,1
8827.0,1
4853.0,1
9100.0,1
4838.0,1
8650.0,1
4662.0,1
7060.0,1
5177.0,1
16727.0,1
9403.0,1
14455.0,1
4087.0,1
3907.0,1
5104.0,1
8835.0,1
6117.0,1
4328.0,1
5220.0,1
6317.0,1
8386.0,1
4944.0,1
17097.0,1
4144.0,1
28271.0,1
2670371.0,1
4128.0,1
4384.0,1
5478.0,1
4024.0,1
4585.0,1
7301.0,1
4884.0,1
999996385.0,1
9215.0,1
3894.0,1
34089.0,1
4200.0,1
8775.0,1
6328.0,1
6165.0,1
5481.0,1
8680.0,1
260376.0,1
3918.0,1
6627.0,1
3965.0,1
6094.0,1
4793.0,1
3663.0,1
4476.0,1
3972.0,1
12872.0,1
9018.0,1
18634.0,1
4021.0,1
8891.0,1
4300.0,1
5436.0,1
4521.0,1
4566.0,1
4098.0,1
7110.0,1
6001.0,1
5466.0,1
6191.0,1
9120.0,1
5144.0,1
5982.0,1
3571.0,1
5707.0,1
5320.0,1
5666.0,1
4061.0,1
4546.0,1
4438.0,1
5298.0,1
5238.0,1
4483.0,1
8747.0,1
