Fh,AI-Total,R1-Total,R4-Total,AI-1,R1-1,R4-1,AI-2,R1-2,R4-2
2019-06-02T22:00:00.000Z,14434,6463,547,7074,2810,226,7359,3653,320
2019-06-03T22:00:00.000Z,14439,6464,547,7077,2810,226,7362,3654,321
2019-06-04T22:00:00.000Z,14445,6464,548,7080,2810,226,7365,3654,321
2019-06-05T22:00:00.000Z,14452,6465,549,7084,2810,227,7368,3654,321
2019-06-05T22:00:00.000Z,14452,6465,549,7084,2810,227,7368,3654,321
2019-06-06T22:00:00.000Z,14458,6465,549,7087,2810,227,7371,3654,322
2019-06-07T22:00:00.000Z,14465,6465,550,7091,2810,227,7374,3654,322
2019-06-08T22:00:00.000Z,14471,6465,551,7094,2810,228,7377,3654,323
2019-06-09T22:00:00.000Z,14477,6465,552,7097,2810,228,7380,3655,323
2019-06-10T22:00:00.000Z,14483,6466,552,7100,2811,228,7382,3655,324
2019-06-11T22:00:00.000Z,14488,6466,553,7104,2811,229,7385,3655,324
2019-06-12T22:00:00.000Z,14495,6466,554,7107,2811,229,7387,3655,324
2019-06-13T22:00:00.000Z,14501,6467,554,7110,2811,229,7391,3656,325
2019-06-14T22:00:00.000Z,14506,6467,555,7112,2811,229,7394,3656,325
2019-06-15T22:00:00.000Z,14511,6467,556,7114,2811,230,7396,3656,325
2019-06-16T22:00:00.000Z,14516,6467,556,7117,2811,230,7399,3656,326
2019-06-17T22:00:00.000Z,14522,6467,557,7121,2811,230,7401,3656,326
2019-06-18T22:00:00.000Z,14528,6468,558,7124,2811,231,7404,3656,327
2019-06-19T22:00:00.000Z,14533,6468,559,7127,2811,231,7406,3656,327
2019-06-20T22:00:00.000Z,14539,6468,559,7130,2811,231,7409,3656,327
2019-06-21T22:00:00.000Z,14545,6468,560,7133,2811,232,7412,3656,328
2019-06-22T22:00:00.000Z,14550,6469,560,7135,2812,232,7415,3657,328
2019-06-23T22:00:00.000Z,14555,6469,561,7138,2812,232,7417,3657,328
2019-06-24T22:00:00.000Z,14560,6470,561,7141,2812,232,7419,3657,329
2019-06-27T22:00:00.000Z,14582,6470,563,7153,2812,233,7429,3658,329
2019-06-28T22:00:00.000Z,14589,6471,563,7157,2812,233,7433,3658,330
2019-07-01T22:00:00.000Z,14604,6472,565,7164,2813,234,7440,3659,331
2019-07-02T22:00:00.000Z,14610,6472,566,7167,2813,234,7443,3659,331
2019-07-03T22:00:00.000Z,14616,6472,566,7170,2813,234,7446,3659,331
2019-07-04T22:00:00.000Z,14621,6472,567,7173,2813,235,7448,3659,332
2019-07-05T22:00:00.000Z,14626,6472,567,7175,2813,235,7451,3659,332
2019-07-06T22:00:00.000Z,14631,6472,568,7178,2813,235,7453,3659,332
2019-07-07T22:00:00.000Z,14635,6473,568,7180,2813,235,7456,3659,333
2019-07-08T22:00:00.000Z,14641,6474,569,7183,2814,235,7458,3660,333
2019-07-09T22:00:00.000Z,14647,6474,569,7186,2814,236,7461,3660,333
2019-07-10T22:00:00.000Z,14655,6474,570,7191,2814,236,7464,3660,334
2019-07-11T22:00:00.000Z,14661,6474,570,7194,2814,236,7467,3660,334
2019-07-12T22:00:00.000Z,14667,6475,571,7197,2814,236,7470,3660,334
2019-07-13T22:00:00.000Z,14672,6475,571,7200,2814,236,7472,3660,334
2019-07-14T22:00:00.000Z,14676,6475,572,7202,2815,237,7474,3660,335
2019-07-15T22:00:00.000Z,14681,6475,572,7204,2815,237,7477,3661,335
2019-07-16T22:00:00.000Z,14687,6476,572,7207,2815,237,7480,3661,335
2019-07-17T22:00:00.000Z,14693,6477,573,7210,2815,237,7483,3661,335
2019-07-18T22:00:00.000Z,14699,6477,573,7212,2815,237,7486,3661,336
2019-07-19T22:00:00.000Z,14704,6477,574,7215,2815,238,7488,3661,336
2019-07-20T22:00:00.000Z,14709,6477,574,7218,2815,238,7491,3662,336
2019-07-21T22:00:00.000Z,14713,6477,575,7220,2815,238,7493,3662,336
2019-07-22T22:01:00.000Z,14719,6478,575,7223,2816,238,7496,3662,337
2019-07-23T22:00:00.000Z,14726,6478,576,7227,2816,238,7499,3662,337
2019-07-24T22:00:00.000Z,14733,6478,576,7230,2816,238,7503,3662,337
2019-07-25T22:00:00.000Z,14742,6478,577,7235,2816,239,7507,3662,337
2019-07-26T22:00:00.000Z,14747,6478,577,7237,2816,239,7510,3662,337
2019-07-27T22:00:00.000Z,14752,6479,578,7240,2816,239,7512,3662,338
2019-07-28T22:00:00.000Z,14758,6479,578,7243,2817,240,7515,3662,338
2019-07-29T22:00:00.000Z,14763,6479,579,7245,2817,240,7517,3662,338
2019-07-30T22:00:00.000Z,14768,6480,579,7248,2817,240,7520,3662,339
2019-08-02T22:00:00.000Z,14786,6481,581,7258,2817,241,7528,3663,339
2019-08-03T22:00:00.000Z,14793,6481,581,7261,2817,241,7531,3663,340
2019-08-04T22:00:00.000Z,14798,6481,582,7264,2817,241,7534,3664,340
2019-08-05T22:00:00.000Z,14804,6482,582,7267,2818,241,7537,3664,341
2019-08-06T22:00:00.000Z,14810,6482,583,7270,2818,241,7540,3664,341
2019-08-07T22:00:00.000Z,14816,6482,583,7273,2818,242,7543,3664,341
2019-08-08T22:00:00.000Z,14823,6482,584,7276,2818,242,7546,3664,341
2019-08-09T22:00:00.000Z,14829,6483,585,7279,2818,242,7549,3664,342
2019-08-10T22:00:00.000Z,14834,6483,585,7282,2818,242,7552,3664,342
2019-08-11T22:00:00.000Z,14839,6483,586,7285,2819,243,7554,3664,342
2019-08-12T22:00:00.000Z,14845,6484,586,7289,2819,243,7556,3665,343
2019-08-13T22:00:00.000Z,14850,6484,587,7291,2819,243,7559,3665,343
2019-08-14T22:00:00.000Z,14855,6484,587,7294,2819,244,7561,3665,343
2019-08-15T22:00:00.000Z,14862,6485,588,7297,2819,244,7564,3665,344
2019-08-16T22:00:00.000Z,14868,6485,588,7301,2819,244,7568,3665,344
2019-08-17T22:00:00.000Z,14873,6485,589,7303,2820,244,7570,3665,344
2019-08-18T22:00:00.000Z,14879,6485,590,7306,2820,244,7573,3665,345
2019-08-19T22:00:00.000Z,14884,6486,590,7309,2820,245,7575,3666,345
2019-08-20T22:00:00.000Z,14890,6486,591,7312,2820,245,7579,3666,346
2019-08-21T22:00:00.000Z,14896,6487,592,7314,2820,245,7582,3666,346
2019-08-22T22:00:00.000Z,14902,6487,592,7317,2820,245,7585,3666,346
2019-08-23T22:00:00.000Z,14909,6487,593,7320,2820,246,7588,3666,347
2019-08-24T22:00:00.000Z,14914,6488,593,7323,2821,246,7591,3667,347
2019-08-25T22:00:00.000Z,14921,6488,594,7327,2821,246,7594,3667,348
2019-08-26T22:00:00.000Z,14927,6488,595,7330,2821,246,7597,3667,348
2019-08-27T22:00:00.000Z,14933,6488,596,7333,2821,247,7599,3667,348
2019-08-28T22:00:00.000Z,14938,6488,596,7336,2821,247,7602,3667,349
2019-08-29T22:00:00.000Z,14944,6489,597,7339,2821,247,7606,3667,349
2019-08-30T22:00:00.000Z,14951,6489,598,7342,2821,248,7609,3667,350
2019-08-31T22:00:00.000Z,14957,6489,598,7345,2822,248,7611,3667,350
2019-09-02T22:00:00.000Z,14968,6490,599,7352,2822,248,7616,3667,351
2019-09-03T22:00:00.000Z,14973,6490,600,7354,2822,248,7620,3668,351
2019-09-04T22:00:00.000Z,14979,6490,600,7357,2822,249,7622,3668,351
2019-09-05T22:00:00.000Z,14985,6490,601,7359,2822,249,7625,3668,352
2019-09-06T22:00:00.000Z,14990,6491,602,7363,2822,249,7628,3668,352
2019-09-07T22:00:00.000Z,14997,6491,602,7366,2823,249,7630,3668,353
2019-09-08T22:00:00.000Z,15002,6491,603,7369,2823,250,7633,3668,353
2019-09-09T22:00:00.000Z,15006,6491,604,7370,2823,250,7635,3668,353
2019-09-10T22:00:00.000Z,15011,6491,605,7373,2823,250,7637,3668,354
2019-09-11T22:00:00.000Z,15015,6492,605,7376,2823,251,7639,3668,354
2019-09-12T22:00:00.000Z,15021,6492,606,7379,2823,251,7642,3669,355
2019-09-13T22:00:00.000Z,15028,6493,606,7383,2823,251,7645,3669,355
2019-09-14T22:00:00.000Z,15034,6493,607,7386,2824,251,7648,3669,356
2019-09-15T22:00:00.000Z,15042,6493,608,7390,2824,252,7652,3669,356
2019-09-16T22:00:00.000Z,15047,6493,609,7393,2824,252,7654,3669,356
2019-09-17T22:00:00.000Z,15053,6494,610,7396,2824,252,7656,3669,357
2019-09-18T22:00:00.000Z,15058,6494,610,7400,2824,253,7659,3669,357
2019-09-19T22:00:00.000Z,15066,6494,611,7404,2824,253,7662,3670,358
2019-09-20T22:00:00.000Z,15074,6494,612,7408,2824,253,7666,3670,358
2019-09-21T22:00:00.000Z,15082,6495,613,7412,2824,254,7670,3670,359
2019-09-22T22:00:00.000Z,15087,6495,614,7415,2825,254,7673,3670,359
2019-09-23T22:00:00.000Z,15094,6495,615,7418,2825,254,7676,3670,360
2019-09-24T22:00:00.000Z,15100,6495,615,7421,2825,255,7679,3670,360
2016-12-14T23:00:00.000Z,8295,4814,56,3965,2089,21,4330,2724,34
2016-12-15T23:00:00.000Z,8303,4819,56,3969,2091,21,4334,2727,34
2016-12-16T23:00:00.000Z,8311,4824,56,3973,2094,21,4338,2730,34
2016-12-17T23:00:00.000Z,8319,4828,56,3977,2096,21,4341,2732,34
2016-12-18T23:00:00.000Z,8327,4833,56,3982,2098,21,4345,2735,34
2016-12-19T23:00:00.000Z,8334,4838,56,3986,2100,21,4348,2737,35
2016-12-20T23:00:00.000Z,8341,4841,56,3990,2102,21,4351,2739,35
2016-12-21T23:00:00.000Z,8347,4844,57,3993,2103,21,4354,2740,35
2016-12-23T23:00:00.000Z,8365,4852,57,4002,2107,21,4363,2745,35
2016-12-24T23:00:00.000Z,8372,4856,57,4006,2109,22,4366,2747,35
2016-12-25T23:00:00.000Z,8378,4859,57,4008,2110,22,4370,2749,35
2016-12-26T23:00:00.000Z,8387,4863,57,4014,2112,22,4373,2751,35
2016-12-27T23:00:00.000Z,8395,4867,57,4018,2114,22,4377,2753,35
2016-12-28T23:00:00.000Z,8403,4870,58,4022,2115,22,4381,2755,35
2016-12-30T23:00:00.000Z,8417,4877,58,4029,2118,22,4388,2759,36
2016-12-31T23:00:00.000Z,8425,4880,58,4032,2119,22,4392,2761,36
2017-01-01T23:00:00.000Z,8431,4883,59,4036,2120,22,4395,2762,36
2017-01-02T23:00:00.000Z,8438,4886,59,4040,2122,22,4399,2764,36
2017-01-03T23:00:00.000Z,8447,4889,59,4045,2123,23,4402,2766,36
2017-01-04T23:00:00.000Z,8455,4893,59,4049,2125,23,4406,2768,36
2017-01-05T23:00:00.000Z,8462,4897,59,4052,2127,23,4410,2770,36
2017-01-06T23:00:00.000Z,8470,4901,60,4056,2129,23,4413,2772,36
2017-01-07T23:00:00.000Z,8477,4904,60,4060,2130,23,4416,2774,36
2017-01-08T23:00:00.000Z,8484,4907,60,4064,2131,23,4419,2775,37
2017-01-09T23:00:00.000Z,8491,4910,60,4068,2133,23,4422,2777,37
2017-01-10T23:00:00.000Z,8498,4914,60,4072,2135,23,4426,2779,37
2017-01-11T23:00:00.000Z,8505,4918,61,4075,2137,23,4430,2781,37
2017-01-12T23:00:00.000Z,8513,4922,61,4079,2139,23,4434,2783,37
2017-01-13T23:00:00.000Z,8521,4926,61,4084,2141,23,4437,2785,37
2017-01-14T23:00:00.000Z,8528,4930,61,4088,2142,23,4440,2787,37
2017-01-15T23:00:00.000Z,8535,4933,61,4091,2144,23,4443,2789,37
2017-01-16T23:00:00.000Z,8541,4937,61,4095,2146,23,4446,2791,37
2017-01-17T23:00:00.000Z,8548,4940,61,4099,2147,23,4449,2793,38
2017-01-18T23:00:00.000Z,8555,4944,62,4102,2149,24,4452,2795,38
2017-01-19T23:00:00.000Z,8570,4947,62,4113,2150,24,4457,2796,38
2017-01-20T23:00:00.000Z,8580,4950,62,4120,2152,24,4461,2798,38
2017-01-21T23:00:00.000Z,8588,4953,62,4123,2153,24,4465,2800,38
2017-01-22T23:00:00.000Z,8594,4956,62,4126,2154,24,4468,2802,38
2017-01-23T23:00:00.000Z,8604,4960,63,4133,2156,24,4471,2804,38
2017-01-24T23:00:00.000Z,8614,4963,63,4138,2157,24,4476,2806,38
2017-01-25T23:00:00.000Z,8624,4966,63,4144,2159,24,4480,2808,38
2017-01-26T23:00:00.000Z,8636,4970,63,4152,2160,24,4484,2809,38
2017-01-27T23:00:00.000Z,8648,4973,63,4160,2161,24,4488,2812,39
2017-01-28T23:00:00.000Z,8655,4976,64,4163,2163,24,4492,2813,39
2017-01-29T23:00:00.000Z,8664,4980,64,4168,2164,24,4496,2816,39
2017-01-30T23:00:00.000Z,8672,4984,64,4173,2166,25,4499,2818,39
2017-01-31T23:00:00.000Z,8680,4990,64,4177,2168,25,4504,2821,39
2017-02-01T23:00:00.000Z,8689,4995,64,4181,2170,25,4508,2824,39
2017-02-02T23:00:00.000Z,8698,4999,64,4186,2172,25,4512,2827,39
2017-02-03T23:00:00.000Z,8706,5005,64,4190,2174,25,4517,2830,39
2017-02-04T23:00:00.000Z,8714,5010,64,4193,2177,25,4521,2833,39
2017-02-05T23:00:00.000Z,8720,5014,64,4196,2178,25,4525,2836,39
2017-02-06T23:00:00.000Z,8728,5018,64,4199,2180,25,4529,2838,39
2017-02-07T23:00:00.000Z,8737,5023,65,4204,2182,25,4533,2841,39
2017-02-08T23:00:00.000Z,8744,5028,65,4207,2184,25,4537,2843,39
2017-02-09T23:00:00.000Z,8750,5032,65,4210,2186,25,4540,2845,39
2017-02-10T23:00:00.000Z,8758,5036,65,4214,2188,25,4544,2848,39
2017-02-11T23:00:00.000Z,8766,5040,65,4217,2189,25,4548,2850,39
2017-02-12T23:00:00.000Z,8775,5045,65,4223,2192,25,4552,2853,39
2017-02-13T23:00:00.000Z,8783,5049,65,4227,2194,25,4556,2855,39
2017-02-14T23:00:00.000Z,8790,5053,65,4231,2195,25,4559,2857,40
2017-02-15T23:00:00.000Z,8798,5057,65,4235,2197,25,4563,2860,40
2017-02-16T23:00:00.000Z,8805,5061,66,4238,2199,25,4567,2861,40
2017-02-17T23:00:00.000Z,8812,5065,66,4242,2201,25,4570,2864,40
2017-02-18T23:00:00.000Z,8819,5069,66,4245,2202,26,4574,2866,40
2017-02-19T23:00:00.000Z,8827,5073,66,4248,2204,26,4578,2869,40
2017-02-20T23:00:00.000Z,8833,5077,66,4251,2205,26,4581,2871,40
2017-02-21T23:00:00.000Z,8840,5081,66,4255,2207,26,4585,2873,40
2017-02-22T23:00:00.000Z,8846,5086,66,4258,2209,26,4588,2876,40
2017-02-23T23:00:00.000Z,8854,5091,66,4262,2212,26,4592,2879,40
2017-02-24T23:00:00.000Z,8861,5096,67,4265,2214,26,4596,2882,40
2017-02-25T23:00:00.000Z,8868,5101,67,4268,2216,26,4599,2884,40
2017-02-26T23:00:00.000Z,8876,5106,67,4271,2218,26,4604,2887,40
2017-02-27T23:00:00.000Z,8883,5111,67,4275,2221,26,4608,2890,40
2017-02-28T23:00:00.000Z,8891,5116,67,4279,2223,26,4612,2892,40
2017-03-01T23:00:00.000Z,8898,5120,67,4283,2225,26,4615,2895,40
2017-03-02T23:00:00.000Z,8905,5124,67,4287,2226,26,4619,2897,40
2017-03-03T23:00:00.000Z,8914,5128,67,4292,2228,26,4622,2899,41
2017-03-04T23:00:00.000Z,8920,5132,67,4294,2230,26,4626,2901,41
2017-03-05T23:00:00.000Z,8926,5136,67,4297,2232,26,4629,2904,41
2017-03-06T23:00:00.000Z,8933,5140,67,4301,2233,26,4632,2906,41
2017-03-07T23:00:00.000Z,8940,5144,67,4304,2235,26,4636,2908,41
2017-03-08T23:00:00.000Z,8947,5149,67,4308,2238,26,4639,2911,41
2017-03-09T23:00:00.000Z,8955,5154,68,4312,2240,26,4643,2914,41
2017-03-10T23:00:00.000Z,8963,5159,68,4316,2242,26,4647,2917,41
2017-03-11T23:00:00.000Z,8970,5165,68,4319,2244,26,4651,2920,41
2017-03-12T23:00:00.000Z,8978,5170,68,4323,2247,26,4654,2923,41
2017-03-13T23:00:00.000Z,8984,5174,68,4327,2249,26,4657,2925,41
2017-03-14T23:00:00.000Z,8992,5180,68,4331,2251,26,4661,2928,41
2017-03-15T23:00:00.000Z,9000,5185,68,4335,2254,26,4665,2931,41
2017-03-16T23:00:00.000Z,9008,5191,68,4339,2256,26,4669,2934,41
2017-03-17T23:00:00.000Z,9015,5195,68,4342,2259,26,4672,2937,41
2017-03-18T23:00:00.000Z,9025,5201,68,4347,2261,26,4678,2940,41
2017-03-19T23:00:00.000Z,9033,5207,68,4351,2264,26,4682,2943,41
2017-03-20T23:00:00.000Z,9041,5212,68,4355,2266,26,4686,2946,41
2017-03-21T23:00:00.000Z,9048,5216,68,4359,2268,26,4690,2948,41
2017-03-22T23:00:00.000Z,9056,5221,68,4363,2270,26,4693,2951,41
2017-03-23T23:00:00.000Z,9063,5225,68,4366,2272,26,4697,2953,41
2017-03-24T23:00:00.000Z,9070,5229,68,4370,2274,27,4700,2955,41
2017-03-25T23:00:00.000Z,9077,5232,69,4374,2275,27,4703,2957,41
2017-03-26T22:00:00.000Z,9084,5237,69,4377,2277,27,4706,2959,42
2017-03-27T22:00:00.000Z,9090,5240,69,4381,2279,27,4710,2961,42
2017-03-28T22:00:00.000Z,9097,5245,69,4384,2281,27,4713,2963,42
2017-03-29T22:00:00.000Z,9104,5250,69,4388,2283,27,4716,2966,42
2017-03-30T22:00:00.000Z,9111,5255,69,4391,2285,27,4720,2970,42
2017-03-31T22:00:00.000Z,9118,5260,69,4395,2288,27,4723,2972,42
2017-04-01T22:00:00.000Z,9125,5265,69,4398,2290,27,4726,2975,42
2017-04-02T22:00:00.000Z,9132,5271,69,4402,2293,27,4730,2978,42
2017-04-03T22:00:00.000Z,9140,5277,69,4406,2296,27,4734,2981,42
2017-04-04T22:00:00.000Z,9148,5282,69,4410,2298,27,4738,2983,42
2017-04-05T22:00:00.000Z,9155,5287,69,4414,2301,27,4742,2986,42
2017-04-06T22:00:00.000Z,9162,5291,70,4417,2302,27,4745,2989,42
2017-04-07T22:00:00.000Z,9168,5296,70,4420,2305,27,4748,2991,42
2017-04-08T22:00:00.000Z,9177,5302,70,4424,2307,27,4753,2994,42
2017-04-09T22:00:00.000Z,9185,5307,70,4428,2310,27,4756,2996,42
2017-04-10T22:00:00.000Z,9193,5312,70,4432,2313,27,4760,2999,42
2017-04-11T22:00:00.000Z,9201,5317,70,4437,2315,27,4765,3001,42
2017-04-12T22:00:00.000Z,9210,5322,70,4441,2318,27,4769,3004,42
2017-04-13T22:00:00.000Z,9218,5328,70,4445,2320,27,4773,3008,42
2017-04-14T22:00:00.000Z,9226,5334,70,4449,2323,27,4777,3011,42
2017-04-15T22:00:00.000Z,9234,5339,70,4453,2325,27,4781,3013,42
2017-04-16T22:00:00.000Z,9243,5344,70,4458,2328,27,4785,3016,42
2017-04-17T22:00:00.000Z,9250,5350,70,4461,2330,27,4789,3019,42
2017-04-18T22:00:00.000Z,9258,5356,70,4466,2333,27,4792,3022,42
2017-04-19T22:00:00.000Z,9266,5362,70,4469,2336,27,4797,3026,42
2017-04-20T22:00:00.000Z,9273,5368,70,4472,2338,27,4801,3029,42
2017-04-22T22:00:00.000Z,9288,5378,70,4480,2343,27,4808,3035,43
2017-04-23T22:00:00.000Z,9295,5383,70,4483,2345,27,4812,3037,43
2017-04-24T22:00:00.000Z,9302,5388,70,4487,2348,27,4815,3039,43
2017-04-25T22:00:00.000Z,9311,5394,70,4491,2351,27,4820,3043,43
2017-04-26T22:00:00.000Z,9317,5399,70,4494,2353,27,4823,3046,43
2017-04-27T22:00:00.000Z,9325,5405,70,4499,2356,27,4827,3049,43
2017-04-28T22:00:00.000Z,9332,5410,70,4502,2358,27,4830,3052,43
2017-04-29T22:00:00.000Z,9340,5414,70,4505,2360,27,4834,3054,43
2017-04-30T22:00:00.000Z,9348,5420,70,4509,2363,27,4838,3057,43
2017-05-01T22:00:00.000Z,9354,5425,70,4512,2365,27,4842,3060,43
2017-05-02T22:00:00.000Z,9361,5431,70,4516,2368,27,4845,3063,43
2017-05-03T22:00:00.000Z,9368,5436,70,4519,2370,27,4849,3066,43
2017-05-04T22:00:00.000Z,9376,5443,70,4523,2373,27,4853,3069,43
2017-05-05T22:00:00.000Z,9384,5449,70,4527,2376,27,4857,3073,43
2017-05-06T22:00:00.000Z,9392,5455,70,4531,2378,27,4861,3076,43
2017-05-07T22:00:00.000Z,9399,5460,70,4535,2381,27,4864,3079,43
2017-05-08T22:00:00.000Z,9407,5467,70,4539,2384,27,4868,3082,43
2017-05-09T22:00:00.000Z,9414,5473,70,4542,2387,27,4872,3086,43
2017-05-10T22:00:00.000Z,9423,5479,70,4547,2390,27,4875,3089,43
2017-05-11T22:00:00.000Z,9430,5485,71,4551,2392,27,4879,3092,43
2017-05-12T22:00:00.000Z,9437,5490,71,4555,2395,27,4882,3094,43
2017-05-13T22:00:00.000Z,9445,5495,71,4559,2397,27,4886,3097,43
2017-05-14T22:00:00.000Z,9452,5500,71,4563,2400,27,4889,3100,43
2017-05-15T22:00:00.000Z,9461,5507,71,4567,2402,27,4893,3104,43
2017-05-16T22:00:00.000Z,9469,5513,71,4572,2405,27,4898,3108,43
2017-05-17T22:00:00.000Z,9480,5520,71,4578,2408,27,4902,3112,43
2017-05-18T22:00:00.000Z,9487,5526,71,4582,2411,27,4905,3114,43
2017-05-19T22:00:00.000Z,9495,5531,71,4586,2413,27,4909,3117,43
2017-05-20T22:00:00.000Z,9503,5535,71,4590,2416,27,4913,3119,43
2017-05-21T22:00:00.000Z,9512,5543,71,4594,2419,27,4918,3124,43
2017-05-22T22:00:00.000Z,9519,5549,71,4598,2422,27,4922,3127,43
2017-05-23T22:00:00.000Z,9528,5556,71,4602,2425,27,4926,3131,43
2017-05-24T22:00:00.000Z,9538,5564,71,4607,2428,27,4931,3135,43
2017-05-25T22:00:00.000Z,9547,5572,71,4611,2431,27,4936,3140,43
2017-05-26T22:00:00.000Z,9556,5580,71,4615,2435,27,4940,3145,43
2017-05-27T22:00:00.000Z,9564,5587,71,4619,2438,27,4945,3149,43
2017-05-28T22:00:00.000Z,9571,5594,71,4621,2441,27,4949,3154,43
2017-05-29T22:00:00.000Z,9579,5602,71,4626,2444,27,4954,3158,43
2017-05-30T22:00:00.000Z,9588,5609,71,4630,2447,27,4958,3162,43
2017-05-31T22:00:00.000Z,9597,5617,71,4634,2450,27,4963,3166,43
2017-06-01T22:00:00.000Z,9606,5625,71,4639,2454,27,4967,3171,43
2017-06-02T22:00:00.000Z,9614,5633,71,4643,2457,27,4972,3175,43
2017-06-03T22:00:00.000Z,9624,5641,71,4647,2461,27,4976,3180,43
2017-06-04T22:00:00.000Z,9632,5647,71,4652,2464,27,4980,3183,43
2017-06-05T22:00:00.000Z,9640,5654,71,4656,2467,27,4984,3186,43
2017-06-06T22:00:00.000Z,9648,5660,71,4660,2470,27,4988,3189,43
2017-06-07T22:00:00.000Z,9657,5667,71,4665,2474,27,4992,3193,43
2017-06-08T22:00:00.000Z,9666,5674,71,4669,2477,27,4997,3197,43
2017-06-09T22:00:00.000Z,9675,5682,71,4674,2480,27,5002,3201,43
2017-06-10T22:00:00.000Z,9685,5689,71,4678,2484,27,5007,3205,43
2017-06-11T22:00:00.000Z,9694,5697,71,4682,2487,27,5012,3210,43
2017-06-12T22:00:00.000Z,9703,5704,71,4687,2490,27,5017,3214,43
2017-06-13T22:00:00.000Z,9713,5712,71,4692,2493,27,5022,3218,43
2017-06-14T22:00:00.000Z,9723,5720,71,4696,2496,27,5027,3223,43
2017-06-15T22:00:00.000Z,9732,5727,71,4700,2499,27,5032,3228,43
2017-06-16T22:00:00.000Z,9742,5735,71,4705,2503,27,5038,3232,43
2017-06-17T22:00:00.000Z,9752,5743,71,4709,2506,27,5043,3237,43
2017-06-18T22:00:00.000Z,9760,5749,71,4713,2508,27,5048,3241,43
2017-06-19T22:00:00.000Z,9771,5757,71,4717,2512,27,5053,3245,43
2017-06-20T22:00:00.000Z,9780,5765,71,4722,2515,27,5058,3250,43
2017-06-21T22:00:00.000Z,9789,5773,71,4726,2518,27,5063,3254,43
2017-06-22T22:00:00.000Z,9798,5780,71,4731,2521,27,5068,3258,43
2017-06-23T22:00:00.000Z,9809,5787,71,4735,2524,27,5074,3262,43
2017-06-24T22:00:00.000Z,9819,5794,71,4740,2527,27,5079,3267,43
2017-06-25T22:00:00.000Z,9829,5801,71,4745,2530,27,5084,3271,43
2017-06-26T22:00:00.000Z,9838,5808,71,4750,2533,27,5089,3274,43
2017-06-27T22:00:00.000Z,9848,5814,71,4754,2536,27,5094,3278,43
2017-06-28T22:00:00.000Z,9858,5820,71,4758,2539,27,5099,3281,43
2017-06-29T22:00:00.000Z,9867,5826,71,4763,2541,27,5104,3284,43
2017-07-02T22:00:00.000Z,9893,5844,71,4775,2550,27,5118,3294,43
2017-07-03T22:00:00.000Z,9904,5851,71,4780,2553,27,5123,3298,43
2017-07-04T22:00:00.000Z,9914,5858,71,4786,2556,27,5128,3302,43
2017-07-05T22:00:00.000Z,9926,5866,71,4791,2559,27,5135,3307,43
2017-07-06T22:00:00.000Z,9937,5872,71,4797,2561,27,5140,3311,43
2017-07-07T22:00:00.000Z,9947,5879,71,4802,2564,27,5145,3314,43
2017-07-08T22:00:00.000Z,9957,5884,71,4806,2566,27,5150,3318,43
2017-07-09T22:00:00.000Z,9965,5891,71,4810,2569,27,5155,3321,43
2017-07-10T22:00:00.000Z,9975,5896,71,4815,2572,27,5160,3324,43
2017-07-11T22:00:00.000Z,9985,5903,71,4820,2574,27,5165,3328,43
2017-07-12T22:00:00.000Z,9995,5909,71,4824,2577,27,5170,3332,43
2017-07-13T22:00:00.000Z,10005,5916,71,4830,2580,27,5175,3336,43
2017-07-14T22:00:00.000Z,10016,5923,71,4835,2583,27,5181,3340,43
2017-07-15T22:00:00.000Z,10026,5930,71,4840,2585,27,5186,3345,43
2017-07-16T22:00:00.000Z,10035,5938,71,4844,2588,27,5191,3349,43
2017-07-17T22:00:00.000Z,10044,5944,71,4848,2591,27,5196,3353,43
2017-07-18T22:00:00.000Z,10056,5951,71,4853,2594,27,5202,3357,43
2017-07-19T22:00:00.000Z,10066,5958,71,4858,2597,27,5208,3361,43
2017-07-20T22:00:00.000Z,10075,5964,71,4862,2600,27,5212,3364,43
2017-07-21T22:00:00.000Z,10084,5970,71,4867,2602,27,5217,3367,43
2017-07-22T22:00:00.000Z,10092,5975,71,4871,2605,27,5221,3370,43
2017-07-23T22:00:00.000Z,10102,5982,71,4876,2608,27,5226,3374,43
2017-07-24T22:00:00.000Z,10112,5989,71,4881,2611,27,5231,3377,43
2017-07-25T22:00:00.000Z,10122,5995,71,4885,2614,27,5237,3381,43
2017-07-26T22:00:00.000Z,10133,6002,71,4890,2617,27,5243,3385,43
2017-07-27T22:00:00.000Z,10143,6009,71,4894,2620,27,5248,3389,43
2017-07-28T22:00:00.000Z,10153,6016,71,4899,2622,27,5254,3394,43
2017-07-29T22:00:00.000Z,10162,6022,71,4904,2625,27,5258,3397,43
2017-07-30T22:00:00.000Z,10171,6029,71,4908,2628,27,5263,3401,43
2017-07-31T22:00:00.000Z,10180,6036,71,4912,2631,27,5268,3404,43
2017-08-01T22:00:00.000Z,10190,6041,71,4918,2634,27,5272,3407,43
2017-08-02T22:00:00.000Z,10200,6048,71,4923,2636,27,5277,3411,43
2017-08-03T22:00:00.000Z,10210,6055,71,4927,2639,27,5282,3415,43
2017-08-04T22:00:00.000Z,10218,6062,71,4931,2642,27,5287,3419,43
2017-08-05T22:00:00.000Z,10228,6068,71,4936,2645,27,5292,3423,43
2017-08-06T22:00:00.000Z,10237,6075,71,4940,2647,27,5297,3427,43
2017-08-07T22:00:00.000Z,10247,6082,71,4945,2650,27,5302,3431,43
2017-08-08T22:00:00.000Z,10256,6088,71,4949,2653,27,5306,3434,43
2017-08-09T22:00:00.000Z,10265,6093,71,4954,2655,27,5310,3437,43
2017-08-10T22:00:00.000Z,10273,6099,71,4958,2658,27,5315,3440,43
2017-08-11T22:00:00.000Z,10281,6104,71,4962,2661,27,5319,3443,43
2017-08-12T22:00:00.000Z,10288,6110,71,4965,2663,27,5323,3446,43
2017-08-13T22:00:00.000Z,10297,6117,71,4969,2666,27,5328,3450,43
2017-08-14T22:00:00.000Z,10307,6123,71,4974,2669,27,5333,3454,43
2017-08-15T22:00:00.000Z,10315,6130,71,4978,2672,27,5338,3458,43
2017-08-16T22:00:00.000Z,10324,6136,71,4982,2675,27,5342,3461,43
2017-08-17T22:00:00.000Z,10332,6143,71,4986,2677,27,5347,3465,43
2017-08-18T22:00:00.000Z,10342,6150,71,4990,2680,27,5352,3469,43
2017-08-19T22:00:00.000Z,10351,6156,71,4994,2683,27,5357,3473,43
2017-08-20T22:00:00.000Z,10361,6163,71,4998,2686,27,5363,3477,43
2017-08-21T22:00:00.000Z,10372,6169,71,5004,2688,27,5368,3481,43
2017-08-22T22:00:00.000Z,10382,6176,71,5009,2691,27,5373,3485,43
2017-08-23T22:00:00.000Z,10393,6183,71,5015,2694,27,5378,3489,43
2017-08-24T22:00:00.000Z,10402,6188,71,5020,2696,27,5382,3492,43
2017-08-25T22:00:00.000Z,10411,6195,71,5024,2699,27,5387,3496,43
2017-08-26T22:00:00.000Z,10421,6201,71,5028,2701,27,5392,3499,43
2017-08-27T22:00:00.000Z,10430,6207,71,5033,2704,27,5397,3503,43
2017-08-28T22:00:00.000Z,10439,6213,71,5038,2706,27,5401,3507,43
2017-08-29T22:00:00.000Z,10448,6219,71,5042,2709,27,5406,3509,43
2017-08-30T22:00:00.000Z,10457,6223,71,5047,2711,27,5410,3512,43
2017-08-31T22:00:00.000Z,10466,6229,71,5051,2714,27,5415,3515,43
2017-09-01T22:00:00.000Z,10475,6234,71,5056,2716,27,5419,3518,43
2017-09-02T22:00:00.000Z,10482,6240,71,5059,2718,27,5423,3521,43
2017-09-03T22:00:00.000Z,10490,6245,71,5063,2721,27,5427,3524,43
2017-09-04T22:00:00.000Z,10498,6251,71,5067,2724,27,5431,3527,43
2017-09-05T22:00:00.000Z,10507,6257,71,5071,2727,27,5436,3530,43
2017-09-06T22:00:00.000Z,10516,6264,71,5075,2729,27,5440,3534,43
2017-09-07T22:00:00.000Z,10524,6270,71,5079,2732,27,5445,3538,43
2017-09-08T22:00:00.000Z,10532,6276,71,5083,2735,27,5448,3541,43
2017-09-09T22:00:00.000Z,10539,6281,71,5087,2737,27,5452,3544,43
2017-09-10T22:00:00.000Z,10546,6286,71,5091,2740,27,5455,3546,43
2017-09-11T22:00:00.000Z,10554,6291,71,5095,2742,27,5459,3549,44
2017-09-12T22:00:00.000Z,10561,6294,71,5098,2743,27,5463,3550,44
2017-09-13T22:00:00.000Z,10569,6296,71,5103,2744,27,5466,3552,44
2017-09-14T22:00:00.000Z,10577,6297,72,5107,2744,28,5469,3553,44
2017-09-15T22:00:00.000Z,10583,6297,73,5111,2744,28,5472,3553,45
2017-09-16T22:00:00.000Z,10587,6298,75,5112,2744,29,5475,3553,45
2017-09-17T22:00:00.000Z,10592,6298,76,5115,2744,29,5477,3553,46
2017-09-18T22:00:00.000Z,10597,6298,77,5118,2745,30,5479,3553,47
2017-09-19T22:00:00.000Z,10603,6298,78,5121,2745,30,5482,3553,48
2017-09-20T22:00:00.000Z,10610,6298,80,5125,2745,30,5485,3553,49
2017-09-21T22:00:00.000Z,10616,6298,81,5129,2745,31,5487,3553,49
2017-09-22T22:00:00.000Z,10624,6299,82,5133,2745,32,5491,3553,50
2017-09-23T22:00:00.000Z,10629,6299,83,5136,2745,32,5493,3553,51
2017-09-24T22:00:00.000Z,10635,6299,84,5139,2745,32,5496,3554,51
2017-09-25T22:00:00.000Z,10642,6299,85,5143,2745,33,5499,3554,52
2017-09-26T22:00:00.000Z,10649,6299,87,5146,2745,33,5502,3554,53
2017-09-27T22:00:00.000Z,10655,6299,88,5149,2745,34,5506,3554,53
2017-09-28T22:00:00.000Z,10661,6299,88,5153,2745,34,5508,3554,54
2017-09-29T22:00:00.000Z,10667,6300,90,5156,2745,35,5510,3554,54
2017-09-30T22:00:00.000Z,10671,6300,91,5159,2745,35,5512,3554,55
2017-10-01T22:00:00.000Z,10678,6300,92,5163,2745,36,5515,3554,56
2017-10-02T22:00:00.000Z,10685,6300,93,5166,2745,36,5519,3554,56
2017-10-03T22:00:00.000Z,10691,6300,94,5169,2745,37,5522,3554,57
2017-10-04T22:00:00.000Z,10699,6300,95,5174,2745,37,5525,3555,58
2017-10-05T22:00:00.000Z,10705,6300,96,5177,2745,37,5528,3555,58
2017-10-06T22:00:00.000Z,10712,6301,97,5180,2745,38,5532,3555,59
2017-10-07T22:00:00.000Z,10719,6301,99,5183,2745,38,5535,3555,60
2017-10-08T22:00:00.000Z,10723,6301,100,5185,2745,39,5538,3555,60
2017-10-09T22:00:00.000Z,10729,6301,100,5189,2745,39,5541,3555,61
2017-10-10T22:00:00.000Z,10736,6301,102,5193,2745,40,5543,3555,61
2017-10-11T22:00:00.000Z,10743,6301,103,5196,2746,40,5547,3556,62
2017-10-12T22:00:00.000Z,10749,6302,104,5199,2746,40,5549,3556,63
2017-10-13T22:00:00.000Z,10756,6302,105,5203,2746,41,5552,3556,64
2017-10-14T22:00:00.000Z,10761,6302,106,5206,2746,41,5555,3556,64
2017-10-15T22:00:00.000Z,10766,6302,107,5209,2746,42,5557,3556,65
2017-10-16T22:00:00.000Z,10773,6302,108,5212,2746,42,5561,3556,66
2017-10-17T22:00:00.000Z,10781,6302,109,5217,2746,43,5564,3556,66
2017-10-18T22:00:00.000Z,10788,6302,111,5220,2746,43,5567,3556,67
2017-10-20T22:00:00.000Z,10799,6303,113,5226,2746,44,5574,3556,69
2017-10-21T22:00:00.000Z,10806,6303,115,5229,2746,45,5577,3557,69
2017-10-22T22:00:00.000Z,10811,6303,116,5232,2746,45,5579,3557,70
2017-10-23T22:00:00.000Z,10818,6303,117,5235,2746,46,5582,3557,71
2017-10-24T22:00:00.000Z,10823,6303,119,5239,2746,47,5584,3557,72
2017-10-25T22:00:00.000Z,10829,6303,120,5242,2746,47,5587,3557,73
2017-10-26T22:00:00.000Z,10835,6303,122,5245,2746,48,5590,3557,73
2017-10-27T22:00:00.000Z,10841,6304,123,5249,2746,48,5592,3557,74
2017-10-28T22:00:00.000Z,10847,6304,124,5252,2746,49,5595,3557,75
2017-10-30T23:00:00.000Z,10858,6304,127,5258,2746,50,5600,3557,76
2017-10-31T23:00:00.000Z,10865,6304,127,5261,2746,50,5604,3558,77
2017-11-01T23:00:00.000Z,10871,6305,128,5264,2746,51,5607,3558,77
2017-11-02T23:00:00.000Z,10877,6305,129,5267,2747,51,5609,3558,78
2017-11-03T23:00:00.000Z,10883,6305,130,5271,2747,51,5612,3558,78
2017-11-04T23:00:00.000Z,10889,6306,131,5274,2747,52,5615,3559,78
2017-11-05T23:00:00.000Z,10895,6306,131,5278,2747,52,5618,3559,79
2017-11-06T23:00:00.000Z,10900,6306,132,5280,2747,52,5620,3559,79
2017-11-07T23:00:00.000Z,10907,6306,133,5284,2747,53,5623,3559,80
2017-11-08T23:00:00.000Z,10914,6306,134,5288,2747,53,5626,3559,80
2017-11-09T23:00:00.000Z,10921,6307,135,5292,2747,54,5629,3559,81
2017-11-10T23:00:00.000Z,10926,6307,136,5294,2747,54,5632,3559,81
2017-11-11T23:00:00.000Z,10930,6307,136,5296,2747,54,5634,3559,81
2017-11-12T23:00:00.000Z,10935,6307,137,5298,2748,55,5636,3559,82
2017-11-13T23:00:00.000Z,10940,6308,138,5301,2748,55,5640,3560,82
2017-11-14T23:00:00.000Z,10946,6308,138,5304,2748,55,5642,3560,83
2017-11-15T23:00:00.000Z,10951,6308,139,5307,2748,56,5644,3560,83
2017-11-16T23:00:00.000Z,10957,6308,140,5310,2748,56,5647,3560,84
2017-11-17T23:00:00.000Z,10961,6308,142,5311,2748,57,5649,3560,84
2017-11-18T23:00:00.000Z,10965,6308,143,5313,2748,57,5652,3560,85
2017-11-19T23:00:00.000Z,10971,6309,144,5316,2748,58,5655,3560,86
2017-11-20T23:00:00.000Z,10978,6309,145,5319,2748,58,5658,3560,87
2017-11-21T23:00:00.000Z,10984,6309,146,5322,2749,58,5661,3560,87
2017-11-22T23:00:00.000Z,10991,6310,147,5326,2749,59,5665,3561,88
2017-11-23T23:00:00.000Z,10997,6310,148,5329,2749,59,5668,3561,88
2017-11-24T23:00:00.000Z,11005,6310,148,5333,2749,59,5671,3561,89
2017-11-25T23:00:00.000Z,11010,6311,149,5335,2749,60,5675,3561,89
2017-11-26T23:00:00.000Z,11016,6311,150,5338,2749,60,5678,3562,89
2017-11-27T23:00:00.000Z,11022,6311,151,5341,2749,60,5681,3562,90
2017-11-28T23:00:00.000Z,11028,6311,152,5344,2749,61,5684,3562,91
2017-11-29T23:00:00.000Z,11034,6312,153,5347,2749,61,5687,3562,91
2017-11-30T23:00:00.000Z,11040,6312,154,5350,2749,62,5690,3562,92
2017-12-01T23:00:00.000Z,11046,6312,155,5354,2749,62,5693,3562,92
2017-12-02T23:00:00.000Z,11052,6312,155,5356,2749,62,5695,3562,93
2017-12-03T23:00:00.000Z,11056,6312,156,5359,2749,62,5697,3563,93
2017-12-04T23:00:00.000Z,11062,6312,157,5362,2749,63,5700,3563,94
2017-12-05T23:00:00.000Z,11069,6312,158,5366,2750,63,5703,3563,94
2017-12-06T23:00:00.000Z,11076,6313,159,5369,2750,64,5707,3563,95
2017-12-07T23:00:00.000Z,11082,6314,160,5372,2750,64,5710,3564,95
2017-12-08T23:00:00.000Z,11089,6314,160,5376,2750,64,5713,3564,95
2017-12-09T23:00:00.000Z,11094,6314,161,5379,2750,64,5715,3564,96
2017-12-10T23:00:00.000Z,11100,6315,161,5382,2750,65,5718,3564,96
2017-12-11T23:00:00.000Z,11105,6315,162,5384,2750,65,5721,3565,96
2017-12-12T23:00:00.000Z,11111,6316,162,5387,2750,65,5724,3565,96
2017-12-13T23:00:00.000Z,11116,6316,163,5390,2750,65,5726,3565,97
2017-12-14T23:00:00.000Z,11122,6316,163,5393,2751,66,5729,3565,97
2017-12-15T23:00:00.000Z,11128,6316,164,5396,2751,66,5732,3565,97
2017-12-16T23:00:00.000Z,11135,6317,165,5399,2751,67,5735,3566,98
2017-12-17T23:00:00.000Z,11140,6317,165,5402,2751,67,5738,3566,98
2017-12-18T23:00:00.000Z,11147,6318,166,5406,2752,67,5741,3566,99
2017-12-19T23:00:00.000Z,11152,6318,167,5408,2752,67,5744,3566,99
2017-12-20T23:00:00.000Z,11160,6318,168,5413,2752,68,5747,3566,100
2017-12-21T23:00:00.000Z,11166,6318,169,5415,2752,68,5751,3566,100
2017-12-22T23:00:00.000Z,11173,6318,169,5418,2752,68,5755,3566,100
2017-12-23T23:00:00.000Z,11179,6319,170,5422,2752,69,5757,3567,101
2017-12-24T23:00:00.000Z,11185,6319,171,5424,2752,69,5760,3567,101
2017-12-25T23:00:00.000Z,11189,6319,171,5426,2752,69,5763,3567,101
2017-12-26T23:00:00.000Z,11196,6319,172,5429,2752,70,5767,3567,102
2017-12-27T23:00:00.000Z,11205,6320,173,5433,2752,70,5772,3567,102
2017-12-28T23:00:00.000Z,11212,6320,174,5436,2752,70,5776,3567,103
2017-12-29T23:00:00.000Z,11220,6320,174,5441,2752,71,5779,3567,103
2017-12-30T23:00:00.000Z,11226,6320,175,5444,2752,71,5781,3568,103
2017-12-31T23:00:00.000Z,11232,6321,175,5447,2753,71,5785,3568,104
2018-01-01T23:00:00.000Z,11243,6321,176,5451,2753,72,5791,3568,104
2018-01-02T23:00:00.000Z,11251,6321,176,5457,2753,72,5794,3568,104
2018-01-03T23:00:00.000Z,11259,6322,177,5461,2753,72,5798,3568,105
2018-01-04T23:00:00.000Z,11267,6322,178,5464,2753,72,5803,3568,105
2018-01-05T23:00:00.000Z,11277,6322,178,5468,2753,73,5808,3569,105
2018-01-06T23:00:00.000Z,11284,6323,179,5471,2753,73,5814,3569,106
2018-01-07T23:00:00.000Z,11293,6323,180,5475,2753,73,5818,3569,106
2018-01-08T23:00:00.000Z,11299,6323,180,5478,2753,73,5821,3569,107
2018-01-09T23:00:00.000Z,11306,6323,181,5482,2754,74,5824,3570,107
2018-01-10T23:00:00.000Z,11315,6324,182,5486,2754,74,5828,3570,107
2018-01-11T23:00:00.000Z,11324,6324,183,5491,2754,75,5832,3570,108
2018-01-12T23:00:00.000Z,11334,6324,184,5495,2754,75,5839,3570,108
2018-01-13T23:00:00.000Z,11345,6324,185,5499,2754,75,5847,3570,109
2018-01-14T23:00:00.000Z,11356,6325,185,5506,2754,76,5851,3570,109
2018-01-15T23:00:00.000Z,11365,6325,186,5511,2754,76,5854,3570,110
2018-01-16T23:00:00.000Z,11371,6325,187,5514,2754,76,5857,3570,110
2018-01-17T23:00:00.000Z,11378,6326,188,5517,2754,77,5861,3571,111
2018-01-18T23:00:00.000Z,11386,6326,189,5522,2754,77,5864,3571,111
2018-01-19T23:00:00.000Z,11392,6326,190,5525,2755,77,5867,3571,112
2018-01-20T23:00:00.000Z,11400,6326,191,5527,2755,78,5873,3571,112
2018-01-21T23:00:00.000Z,11407,6326,191,5529,2755,78,5877,3571,113
2018-01-22T23:00:00.000Z,11411,6326,192,5531,2755,78,5880,3571,113
2018-01-23T23:00:00.000Z,11417,6327,193,5534,2755,79,5882,3571,114
2018-01-24T23:00:00.000Z,11423,6327,194,5538,2755,79,5885,3572,114
2018-01-25T23:00:00.000Z,11429,6327,195,5541,2755,79,5887,3572,115
2018-01-26T23:00:00.000Z,11434,6327,195,5544,2755,80,5890,3572,115
2018-01-27T23:00:00.000Z,11441,6328,196,5548,2755,80,5894,3572,115
2018-01-28T23:00:00.000Z,11449,6328,197,5551,2755,81,5898,3572,116
2018-01-29T23:00:00.000Z,11454,6328,197,5554,2755,81,5900,3573,116
2018-01-30T23:00:00.000Z,11460,6329,198,5557,2756,81,5903,3573,116
2018-01-31T23:00:00.000Z,11466,6329,199,5560,2756,82,5906,3573,117
2018-02-01T23:00:00.000Z,11472,6329,199,5563,2756,82,5909,3573,117
2018-02-02T23:00:00.000Z,11478,6329,200,5566,2756,82,5911,3573,117
2018-02-03T23:00:00.000Z,11484,6330,201,5568,2756,83,5916,3574,118
2018-02-04T23:00:00.000Z,11491,6331,202,5571,2756,83,5920,3575,118
2018-02-05T23:00:00.000Z,11500,6331,202,5575,2756,83,5925,3575,119
2018-02-06T23:00:00.000Z,11505,6332,203,5577,2756,83,5928,3575,119
2018-02-07T23:00:00.000Z,11511,6332,203,5580,2756,83,5931,3575,119
2018-02-08T23:00:00.000Z,11516,6332,204,5582,2756,84,5933,3576,120
2018-02-09T23:00:00.000Z,11521,6333,204,5584,2756,84,5937,3576,120
2018-02-10T23:00:00.000Z,11531,6333,205,5589,2756,84,5943,3576,120
2018-02-11T23:00:00.000Z,11538,6333,206,5591,2756,85,5947,3577,121
2018-02-12T23:00:00.000Z,11546,6334,206,5594,2756,85,5952,3577,121
2018-02-13T23:00:00.000Z,11550,6334,207,5596,2757,85,5954,3577,121
2018-02-14T23:00:00.000Z,11557,6334,207,5600,2757,85,5957,3577,121
2018-02-15T23:00:00.000Z,11562,6335,207,5602,2757,86,5960,3578,121
2018-02-16T23:00:00.000Z,11567,6335,208,5605,2757,86,5962,3578,122
2018-02-17T23:00:00.000Z,11573,6335,208,5608,2757,86,5965,3578,122
2018-02-18T23:00:00.000Z,11578,6335,209,5609,2757,86,5969,3578,122
2018-02-19T23:00:00.000Z,11587,6336,209,5612,2757,86,5975,3578,122
2018-02-20T23:00:00.000Z,11593,6336,210,5615,2757,87,5978,3578,122
2018-02-21T23:00:00.000Z,11599,6336,210,5618,2757,87,5980,3579,123
2018-02-22T23:00:00.000Z,11605,6337,210,5622,2758,87,5983,3579,123
2018-02-23T23:00:00.000Z,11609,6337,211,5624,2758,87,5986,3579,123
2018-02-24T23:00:00.000Z,11615,6337,211,5625,2758,87,5990,3579,123
2018-02-25T23:00:00.000Z,11625,6338,212,5630,2758,88,5995,3580,123
2018-02-26T23:00:00.000Z,11633,6338,212,5632,2758,88,6001,3580,124
2018-02-27T23:00:00.000Z,11639,6338,213,5636,2758,88,6003,3580,124
2018-02-28T23:00:00.000Z,11644,6339,213,5639,2758,88,6006,3580,124
2018-03-01T23:00:00.000Z,11651,6339,214,5642,2758,89,6009,3581,124
2018-03-02T23:00:00.000Z,11657,6339,214,5645,2758,89,6012,3581,125
2018-03-03T23:00:00.000Z,11663,6340,215,5648,2758,89,6015,3581,125
2018-03-04T23:00:00.000Z,11668,6340,215,5651,2758,89,6017,3581,125
2018-03-05T23:00:00.000Z,11674,6340,216,5654,2759,90,6020,3581,126
2018-03-06T23:00:00.000Z,11680,6341,216,5657,2759,90,6023,3581,126
2018-03-07T23:00:00.000Z,11686,6341,217,5660,2759,90,6026,3582,126
2018-03-08T23:00:00.000Z,11692,6341,217,5663,2759,90,6029,3582,126
2018-03-09T23:00:00.000Z,11697,6342,218,5666,2759,90,6032,3582,127
2018-03-10T23:00:00.000Z,11703,6342,218,5669,2759,91,6035,3582,127
2018-03-11T23:00:00.000Z,11709,6342,219,5672,2759,91,6037,3583,127
2018-03-12T23:00:00.000Z,11715,6342,219,5675,2760,91,6040,3583,127
2018-03-13T23:00:00.000Z,11721,6343,220,5678,2760,91,6042,3583,128
2018-03-14T23:00:00.000Z,11726,6344,220,5681,2760,91,6045,3583,128
2018-03-15T23:00:00.000Z,11731,6344,220,5683,2760,92,6048,3583,128
2018-03-16T23:00:00.000Z,11737,6344,221,5686,2760,92,6050,3584,128
2018-03-17T23:00:00.000Z,11743,6345,222,5690,2760,92,6053,3584,129
2018-03-18T23:00:00.000Z,11748,6345,222,5693,2761,93,6056,3584,129
2018-03-19T23:00:00.000Z,11755,6345,222,5696,2761,93,6059,3584,129
2018-03-20T23:00:00.000Z,11761,6345,223,5699,2761,93,6062,3584,129
2018-03-21T23:00:00.000Z,11765,6346,223,5700,2761,93,6065,3584,130
2018-03-22T23:00:00.000Z,11770,6346,224,5703,2761,93,6067,3585,130
2018-03-23T23:00:00.000Z,11775,6346,224,5705,2761,93,6070,3585,130
2018-03-24T23:00:00.000Z,11781,6347,224,5709,2761,94,6072,3585,130
2018-03-25T22:00:00.000Z,11786,6347,225,5712,2761,94,6075,3585,131
2018-03-26T22:00:00.000Z,11792,6347,226,5714,2762,94,6078,3586,131
2018-03-27T22:00:00.000Z,11799,6348,226,5718,2762,94,6081,3586,131
2018-03-28T22:00:00.000Z,11805,6348,227,5721,2762,95,6084,3586,131
2018-03-29T22:00:00.000Z,11811,6349,227,5724,2762,95,6087,3586,132
2018-03-30T22:00:00.000Z,11817,6349,228,5727,2762,95,6090,3586,132
2018-03-31T22:00:00.000Z,11823,6349,228,5730,2762,95,6093,3586,132
2018-04-01T22:00:00.000Z,11829,6350,228,5733,2763,95,6096,3587,133
2018-04-02T22:00:00.000Z,11834,6350,229,5736,2763,96,6098,3587,133
2018-04-03T22:00:00.000Z,11840,6351,229,5739,2763,96,6101,3587,133
2018-04-04T22:00:00.000Z,11845,6351,230,5742,2763,96,6103,3587,133
2018-04-05T22:00:00.000Z,11852,6351,230,5745,2763,96,6106,3588,134
2018-04-06T22:00:00.000Z,11858,6352,231,5749,2764,96,6109,3588,134
2018-04-07T22:00:00.000Z,11865,6353,231,5752,2764,97,6113,3588,134
2018-04-08T22:00:00.000Z,11870,6353,232,5754,2764,97,6116,3589,135
2018-04-09T22:00:00.000Z,11876,6354,232,5757,2764,97,6119,3589,135
2018-04-10T22:00:00.000Z,11881,6354,233,5760,2765,97,6121,3589,135
2018-04-11T22:00:00.000Z,11886,6354,233,5763,2765,97,6124,3589,135
2018-04-12T22:00:00.000Z,11893,6355,234,5767,2765,97,6126,3590,136
2018-04-13T22:00:00.000Z,11898,6355,234,5769,2765,98,6129,3590,136
2018-04-14T22:00:00.000Z,11903,6356,235,5771,2765,98,6131,3590,136
2018-04-15T22:00:00.000Z,11908,6356,235,5774,2766,98,6134,3590,137
2018-04-16T22:00:00.000Z,11913,6356,236,5777,2766,98,6136,3590,137
2018-04-17T22:00:00.000Z,11919,6357,236,5780,2766,99,6139,3590,137
2018-04-18T22:00:00.000Z,11924,6357,237,5783,2766,99,6141,3591,137
2018-04-19T22:00:00.000Z,11929,6357,238,5785,2766,99,6143,3591,138
2018-04-20T22:00:00.000Z,11936,6357,238,5790,2766,99,6146,3591,138
2018-04-21T22:00:00.000Z,11942,6358,238,5793,2766,100,6149,3591,138
2018-04-22T22:00:00.000Z,11948,6359,239,5797,2767,100,6151,3592,138
2018-04-23T22:00:00.000Z,11954,6359,239,5799,2767,100,6154,3592,139
2018-04-24T22:00:00.000Z,11959,6359,240,5802,2767,100,6157,3592,139
2018-04-25T22:00:00.000Z,11965,6360,240,5805,2767,101,6160,3592,139
2018-04-26T22:00:00.000Z,11970,6360,241,5807,2767,101,6162,3593,139
2018-04-27T22:00:00.000Z,11976,6361,241,5812,2767,101,6164,3593,140
2018-04-28T22:00:00.000Z,11982,6361,242,5815,2767,101,6167,3593,140
2018-04-29T22:00:00.000Z,11987,6362,242,5818,2768,102,6170,3594,140
2018-04-30T22:00:00.000Z,11992,6362,243,5820,2768,102,6172,3594,141
2018-05-01T22:00:00.000Z,11997,6362,244,5822,2768,102,6175,3594,141
2018-05-02T22:00:00.000Z,12002,6362,245,5824,2768,103,6178,3594,141
2018-05-03T22:00:00.000Z,12007,6363,245,5827,2768,103,6180,3594,142
2018-05-04T22:00:00.000Z,12012,6363,246,5829,2768,103,6183,3594,142
2018-05-05T22:00:00.000Z,12016,6363,247,5831,2768,104,6185,3595,143
2018-05-06T22:00:00.000Z,12020,6363,248,5833,2768,104,6187,3595,143
2018-05-07T22:00:00.000Z,12025,6364,248,5835,2768,104,6190,3595,143
2018-05-08T22:00:00.000Z,12031,6364,249,5838,2768,104,6192,3596,144
2018-05-09T22:00:00.000Z,12037,6365,250,5842,2769,105,6195,3596,144
2018-05-10T22:00:00.000Z,12041,6365,250,5844,2769,105,6197,3596,145
2018-05-11T22:00:00.000Z,12047,6365,251,5847,2769,105,6200,3596,145
2018-05-13T22:00:00.000Z,12057,6365,253,5852,2769,106,6205,3596,146
2018-05-14T22:00:00.000Z,12061,6365,254,5854,2769,106,6207,3596,147
2018-05-15T22:00:00.000Z,12066,6366,254,5857,2769,107,6209,3596,147
2018-05-16T22:00:00.000Z,12071,6366,255,5859,2769,107,6212,3597,148
2018-05-17T22:00:00.000Z,12077,6367,256,5862,2769,107,6215,3597,148
2018-05-18T22:00:00.000Z,12081,6367,256,5864,2769,108,6217,3597,148
2018-05-19T22:00:00.000Z,12086,6367,257,5866,2769,108,6219,3597,149
2018-05-20T22:00:00.000Z,12091,6367,258,5869,2769,108,6222,3598,149
2018-05-21T22:00:00.000Z,12097,6368,259,5872,2770,109,6224,3598,150
2018-05-22T22:00:00.000Z,12101,6368,260,5874,2770,109,6227,3598,150
2018-05-23T22:00:00.000Z,12106,6368,260,5877,2770,109,6229,3598,151
2018-05-24T22:00:00.000Z,12111,6368,261,5879,2770,110,6231,3598,151
2018-05-25T22:00:00.000Z,12117,6369,262,5883,2770,110,6234,3598,151
2018-05-26T22:00:00.000Z,12121,6369,263,5885,2770,110,6236,3599,152
2018-05-27T22:00:00.000Z,12125,6369,264,5887,2770,111,6238,3599,152
2018-05-28T22:00:00.000Z,12130,6369,264,5889,2770,111,6241,3599,153
2018-05-29T22:00:00.000Z,12136,6370,265,5892,2770,111,6244,3599,153
2018-05-30T22:00:00.000Z,12142,6370,266,5895,2770,112,6247,3600,154
2018-05-31T22:00:00.000Z,12149,6371,267,5899,2771,112,6250,3600,154
2018-06-01T22:00:00.000Z,12153,6371,267,5901,2771,112,6252,3600,155
2018-06-02T22:00:00.000Z,12158,6371,268,5904,2771,112,6254,3600,155
2018-06-03T22:00:00.000Z,12162,6372,269,5906,2771,113,6256,3601,156
2018-06-04T22:00:00.000Z,12166,6372,270,5908,2771,113,6258,3601,156
2018-06-05T22:00:00.000Z,12170,6372,270,5910,2771,113,6260,3601,157
2018-06-06T22:00:00.000Z,12174,6373,271,5912,2772,113,6262,3601,157
2018-06-07T22:00:00.000Z,12178,6373,272,5914,2772,114,6264,3601,158
2018-06-08T22:00:00.000Z,12183,6374,272,5917,2772,114,6266,3601,158
2018-06-09T22:00:00.000Z,12188,6374,273,5919,2772,114,6268,3601,159
2018-06-10T22:00:00.000Z,12192,6374,274,5921,2772,114,6270,3601,159
2018-06-11T22:00:00.000Z,12197,6374,274,5924,2773,115,6273,3601,159
2018-06-12T22:00:00.000Z,12202,6374,275,5927,2773,115,6275,3601,160
2018-06-13T22:00:00.000Z,12206,6375,276,5929,2773,115,6277,3602,160
2018-06-14T22:00:00.000Z,12210,6375,277,5931,2773,115,6279,3602,161
2018-06-15T22:00:00.000Z,12214,6375,277,5933,2773,116,6281,3602,161
2018-06-16T22:00:00.000Z,12218,6376,278,5935,2773,116,6283,3602,162
2018-06-17T22:00:00.000Z,12223,6376,279,5938,2773,116,6285,3602,162
2018-06-18T22:00:00.000Z,12228,6376,279,5940,2773,116,6288,3603,162
2018-06-19T22:00:00.000Z,12234,6377,280,5943,2774,116,6291,3603,163
2018-06-20T22:00:00.000Z,12238,6377,280,5945,2774,117,6293,3603,163
2018-06-21T22:00:00.000Z,12243,6377,281,5947,2774,117,6296,3603,163
2018-06-22T22:00:00.000Z,12249,6377,281,5950,2774,117,6299,3603,164
2018-06-23T22:00:00.000Z,12254,6378,282,5952,2774,117,6302,3603,164
2018-06-24T22:00:00.000Z,12259,6378,283,5955,2774,118,6304,3604,165
2018-06-25T22:00:00.000Z,12263,6378,284,5957,2774,118,6306,3604,165
2018-06-26T22:00:00.000Z,12269,6378,285,5960,2774,119,6309,3604,166
2018-06-27T22:00:00.000Z,12275,6379,286,5963,2774,119,6312,3604,167
2018-06-28T22:00:00.000Z,12280,6379,287,5966,2774,119,6315,3604,167
2018-06-29T22:00:00.000Z,12285,6379,288,5968,2774,119,6317,3604,168
2018-06-30T22:00:00.000Z,12292,6380,288,5972,2775,120,6320,3604,168
2018-07-01T22:00:00.000Z,12296,6380,289,5974,2775,120,6322,3605,169
2018-07-02T22:00:00.000Z,12302,6380,290,5977,2775,120,6324,3605,169
2018-07-03T22:00:00.000Z,12306,6380,291,5979,2775,121,6326,3605,169
2018-07-04T22:00:00.000Z,12311,6380,291,5981,2775,121,6329,3605,170
2018-07-05T22:00:00.000Z,12315,6381,292,5983,2775,121,6332,3605,170
2018-07-06T22:00:00.000Z,12320,6381,293,5986,2775,121,6334,3605,171
2018-07-07T22:00:00.000Z,12326,6382,293,5989,2775,122,6337,3606,171
2018-07-08T22:00:00.000Z,12330,6382,294,5991,2776,122,6339,3606,172
2018-07-09T22:00:00.000Z,12335,6382,295,5993,2776,122,6342,3606,172
2018-07-10T22:00:00.000Z,12342,6382,296,5996,2776,122,6345,3606,173
2018-07-11T22:00:00.000Z,12347,6382,296,5999,2776,123,6348,3606,173
2018-07-12T22:00:00.000Z,12353,6383,297,6002,2776,123,6351,3607,174
2018-07-13T22:00:00.000Z,12358,6383,298,6004,2776,123,6354,3607,174
2018-07-14T22:00:00.000Z,12363,6383,298,6006,2776,123,6356,3607,174
2018-07-15T22:00:00.000Z,12368,6384,299,6008,2776,124,6359,3607,175
2018-07-16T22:00:00.000Z,12373,6384,300,6011,2777,124,6362,3607,176
2018-07-17T22:00:00.000Z,12379,6384,301,6014,2777,124,6365,3607,176
2018-07-18T22:00:00.000Z,12385,6384,302,6017,2777,124,6369,3607,177
2018-07-19T22:00:00.000Z,12391,6385,302,6020,2777,125,6371,3607,177
2018-07-20T22:00:00.000Z,12397,6385,303,6022,2777,125,6375,3607,178
2018-07-21T22:00:00.000Z,12403,6385,304,6026,2777,125,6377,3608,178
2018-07-22T22:00:00.000Z,12407,6385,305,6028,2777,126,6379,3608,179
2018-07-23T22:00:00.000Z,12412,6385,306,6031,2777,126,6381,3608,179
2018-07-24T22:00:00.000Z,12417,6385,307,6033,2777,126,6384,3608,180
2018-07-25T22:00:00.000Z,12422,6386,307,6036,2777,127,6387,3608,180
2018-07-26T22:00:00.000Z,12428,6386,308,6038,2778,127,6390,3608,181
2018-07-27T22:00:00.000Z,12434,6386,309,6041,2778,127,6393,3608,181
2018-07-28T22:00:00.000Z,12439,6386,310,6044,2778,127,6395,3608,182
2018-07-29T22:00:00.000Z,12443,6387,310,6045,2778,128,6398,3609,182
2018-07-30T22:00:00.000Z,12448,6387,311,6048,2778,128,6400,3609,183
2018-07-31T22:00:00.000Z,12454,6387,312,6051,2778,128,6403,3609,183
2018-08-01T22:00:00.000Z,12460,6387,313,6054,2778,128,6405,3609,184
2018-08-02T22:00:00.000Z,12466,6388,313,6058,2778,129,6408,3609,184
2018-08-03T22:00:00.000Z,12472,6388,314,6060,2779,129,6412,3609,185
2018-08-04T22:00:00.000Z,12478,6389,315,6063,2779,129,6415,3609,185
2018-08-05T22:00:00.000Z,12484,6389,315,6066,2779,129,6418,3609,185
2018-08-06T22:00:00.000Z,12490,6389,316,6069,2779,129,6421,3610,186
2018-08-07T22:00:00.000Z,12495,6389,316,6072,2779,130,6423,3610,186
2018-08-08T22:00:00.000Z,12499,6389,317,6074,2779,130,6425,3610,187
2018-08-09T22:00:00.000Z,12504,6390,318,6076,2779,130,6427,3610,187
2018-08-10T22:00:00.000Z,12509,6390,319,6079,2779,131,6430,3610,188
2018-08-11T22:00:00.000Z,12514,6390,319,6081,2779,131,6433,3610,188
2018-08-12T22:00:00.000Z,12520,6391,320,6084,2780,131,6435,3611,188
2018-08-13T22:00:00.000Z,12525,6391,320,6087,2780,131,6438,3611,189
2018-08-14T22:00:00.000Z,12530,6391,321,6089,2780,131,6440,3611,189
2018-08-15T22:00:00.000Z,12535,6391,322,6092,2780,132,6443,3611,190
2018-08-16T22:00:00.000Z,12540,6391,323,6094,2780,132,6446,3611,190
2018-08-17T22:00:00.000Z,12546,6392,323,6097,2780,132,6449,3611,191
2018-08-18T22:00:00.000Z,12551,6392,324,6099,2781,132,6451,3611,191
2018-08-19T22:00:00.000Z,12555,6392,325,6102,2781,133,6453,3611,192
2018-08-20T22:00:00.000Z,12560,6393,325,6104,2781,133,6456,3612,192
2018-08-21T22:00:00.000Z,12565,6393,326,6107,2781,133,6458,3612,192
2018-08-22T22:00:00.000Z,12571,6393,327,6110,2781,133,6461,3612,193
2018-08-23T22:00:00.000Z,12579,6394,327,6113,2781,133,6465,3612,193
2018-08-24T22:00:00.000Z,12585,6394,328,6117,2782,134,6468,3612,194
2018-08-25T22:00:00.000Z,12589,6394,329,6119,2782,134,6470,3612,194
2018-08-26T22:00:00.000Z,12594,6395,329,6121,2782,134,6473,3613,195
2018-08-27T22:00:00.000Z,12599,6395,330,6123,2782,134,6476,3613,195
2018-08-28T22:00:00.000Z,12605,6395,331,6126,2782,134,6479,3613,196
2018-08-29T22:00:00.000Z,12610,6396,331,6129,2782,135,6481,3613,196
2018-08-30T22:00:00.000Z,12615,6396,332,6131,2783,135,6484,3613,197
2018-08-31T22:00:00.000Z,12621,6396,333,6134,2783,135,6487,3613,197
2018-09-01T22:00:00.000Z,12627,6396,334,6137,2783,135,6490,3613,198
2018-09-02T22:00:00.000Z,12632,6396,334,6140,2783,136,6492,3613,198
2018-09-03T22:00:00.000Z,12640,6397,335,6144,2783,136,6495,3613,199
2018-09-04T22:00:00.000Z,12646,6397,336,6147,2783,136,6498,3614,199
2018-09-05T22:00:00.000Z,12652,6398,337,6150,2783,137,6501,3614,200
2018-09-06T22:00:00.000Z,12658,6398,338,6153,2783,137,6504,3614,200
2018-09-08T22:00:00.000Z,12670,6398,340,6161,2783,138,6509,3614,201
2018-09-09T22:00:00.000Z,12675,6398,341,6164,2783,138,6511,3614,202
2018-09-10T22:00:00.000Z,12679,6398,341,6166,2783,139,6513,3614,202
2018-09-11T22:00:00.000Z,12685,6398,342,6169,2784,139,6515,3614,203
2018-09-12T22:00:00.000Z,12690,6398,343,6172,2784,139,6518,3614,203
2018-09-13T22:00:00.000Z,12695,6399,344,6174,2784,140,6521,3615,204
2018-09-14T22:00:00.000Z,12701,6399,344,6178,2784,140,6523,3615,204
2018-09-15T22:00:00.000Z,12708,6399,345,6182,2784,140,6526,3615,204
2018-09-16T22:00:00.000Z,12713,6399,346,6185,2784,140,6528,3615,205
2018-09-17T22:00:00.000Z,12717,6399,347,6187,2784,141,6530,3615,205
2018-09-18T22:00:00.000Z,12724,6400,348,6190,2784,141,6533,3615,206
2018-09-19T22:00:00.000Z,12731,6400,348,6194,2784,142,6537,3616,206
2018-09-20T22:00:00.000Z,12738,6400,349,6199,2784,142,6540,3616,207
2018-09-21T22:00:00.000Z,12744,6400,350,6202,2784,142,6542,3616,207
2018-09-22T22:00:00.000Z,12750,6401,351,6204,2784,142,6545,3616,208
2018-09-23T22:00:00.000Z,12755,6401,351,6207,2784,143,6548,3616,208
2018-09-24T22:00:00.000Z,12763,6401,352,6211,2785,143,6552,3616,209
2018-09-25T22:00:00.000Z,12770,6401,353,6215,2785,143,6555,3616,209
2018-09-26T22:00:00.000Z,12776,6402,354,6218,2785,144,6558,3616,210
2018-09-27T22:00:00.000Z,12783,6402,355,6222,2785,144,6561,3616,211
2018-09-28T22:00:00.000Z,12790,6402,356,6226,2785,145,6564,3616,211
2018-09-29T22:00:00.000Z,12797,6402,357,6229,2785,145,6568,3617,212
2018-09-30T22:00:00.000Z,12802,6402,358,6231,2785,145,6571,3617,212
2018-10-01T22:00:00.000Z,12807,6402,359,6234,2785,146,6573,3617,213
2018-10-02T22:00:00.000Z,12813,6402,360,6237,2785,146,6576,3617,213
2018-10-03T22:00:00.000Z,12818,6403,361,6239,2785,146,6579,3617,214
2018-10-04T22:00:00.000Z,12824,6403,362,6242,2785,147,6582,3617,214
2018-10-05T22:00:00.000Z,12830,6403,362,6245,2785,147,6585,3618,215
2018-10-06T22:00:00.000Z,12836,6404,363,6248,2786,147,6588,3618,215
2018-10-07T22:00:00.000Z,12840,6404,364,6250,2786,147,6591,3618,216
2018-10-08T22:00:00.000Z,12847,6404,365,6254,2786,148,6593,3618,216
2018-10-09T22:00:00.000Z,12854,6404,366,6258,2786,148,6596,3618,217
2018-10-10T22:00:00.000Z,12862,6405,367,6263,2786,149,6599,3618,218
2018-10-11T22:00:00.000Z,12869,6405,368,6267,2786,149,6602,3619,218
2018-10-12T22:00:00.000Z,12875,6405,369,6270,2786,150,6604,3619,219
2018-10-13T22:00:00.000Z,12880,6405,369,6273,2786,150,6607,3619,219
2018-10-14T22:00:00.000Z,12884,6405,370,6275,2786,150,6609,3619,220
2018-10-15T22:00:00.000Z,12891,6405,371,6279,2786,151,6612,3619,220
2018-10-16T22:00:00.000Z,12897,6406,372,6282,2786,151,6615,3619,221
2018-10-17T22:00:00.000Z,12903,6406,373,6285,2786,152,6618,3620,221
2018-10-18T22:00:00.000Z,12910,6406,374,6288,2786,152,6621,3620,222
2018-10-19T22:00:00.000Z,12916,6406,375,6292,2786,152,6624,3620,222
2018-10-20T22:00:00.000Z,12922,6407,376,6295,2786,153,6626,3620,223
2018-10-21T22:00:00.000Z,12928,6407,377,6298,2786,153,6629,3620,223
2018-10-22T22:00:00.000Z,12933,6407,378,6301,2787,154,6632,3620,224
2018-10-23T22:00:00.000Z,12940,6407,379,6305,2787,154,6635,3620,224
2018-10-24T22:00:00.000Z,12945,6407,380,6308,2787,155,6637,3620,225
2018-10-25T22:00:00.000Z,12951,6407,381,6312,2787,155,6639,3620,225
2018-10-26T22:00:00.000Z,12958,6408,382,6315,2787,156,6643,3621,226
2018-10-27T22:00:00.000Z,12964,6408,383,6318,2787,156,6646,3621,226
2018-10-28T23:00:00.000Z,12970,6408,384,6321,2787,156,6649,3621,227
2018-10-29T23:00:00.000Z,12977,6408,385,6324,2787,157,6652,3621,227
2018-10-30T23:00:00.000Z,12982,6409,386,6327,2787,157,6655,3621,228
2018-10-31T23:00:00.000Z,12988,6409,386,6330,2787,158,6658,3622,228
2018-11-01T23:00:00.000Z,12992,6409,387,6332,2787,158,6660,3622,229
2018-11-02T23:00:00.000Z,12997,6410,388,6334,2787,158,6663,3622,229
2018-11-03T23:00:00.000Z,13001,6410,388,6336,2787,158,6665,3622,229
2018-11-04T23:00:00.000Z,13004,6410,389,6338,2788,158,6666,3622,230
2018-11-05T23:00:00.000Z,13009,6410,389,6340,2788,159,6669,3622,230
2018-11-06T23:00:00.000Z,13013,6411,390,6342,2788,159,6671,3622,230
2018-11-07T23:00:00.000Z,13018,6411,390,6344,2788,159,6674,3623,231
2018-11-08T23:00:00.000Z,13024,6412,391,6348,2789,159,6676,3623,231
2018-11-09T23:00:00.000Z,13030,6412,391,6351,2789,159,6679,3623,231
2018-11-10T23:00:00.000Z,13035,6412,392,6353,2789,160,6682,3623,232
2018-11-11T23:00:00.000Z,13040,6412,392,6355,2789,160,6684,3623,232
2018-11-12T23:00:00.000Z,13044,6413,393,6357,2789,160,6687,3623,232
2018-11-13T23:00:00.000Z,13050,6413,393,6360,2789,160,6690,3624,233
2018-11-14T23:00:00.000Z,13056,6414,394,6363,2789,160,6693,3624,233
2018-11-15T23:00:00.000Z,13065,6414,394,6366,2790,161,6699,3624,233
2018-11-16T23:00:00.000Z,13073,6414,395,6371,2790,161,6702,3624,234
2018-11-17T23:00:00.000Z,13077,6414,396,6373,2790,161,6705,3624,234
2018-11-18T23:00:00.000Z,13083,6415,396,6375,2790,161,6708,3624,235
2018-11-19T23:00:00.000Z,13088,6415,397,6377,2790,162,6711,3625,235
2018-11-20T23:00:00.000Z,13094,6415,398,6380,2790,162,6714,3625,235
2018-11-21T23:00:00.000Z,13101,6415,398,6382,2790,162,6719,3625,236
2018-11-22T23:00:00.000Z,13108,6416,399,6386,2790,163,6722,3625,236
2018-11-23T23:00:00.000Z,13114,6416,400,6389,2790,163,6725,3625,236
2018-11-24T23:00:00.000Z,13122,6416,400,6394,2790,163,6729,3625,237
2018-11-25T23:00:00.000Z,13128,6416,401,6396,2791,163,6732,3625,237
2018-11-26T23:00:00.000Z,13132,6416,402,6398,2791,164,6734,3625,237
2018-11-27T23:00:00.000Z,13137,6417,402,6400,2791,164,6737,3626,238
2018-11-28T23:00:00.000Z,13142,6417,403,6403,2791,164,6739,3626,238
2018-11-29T23:00:00.000Z,13147,6417,404,6405,2791,165,6741,3626,239
2018-11-30T23:00:00.000Z,13151,6417,404,6408,2791,165,6743,3626,239
2018-12-01T23:00:00.000Z,13156,6418,405,6410,2791,165,6746,3626,239
2018-12-02T23:00:00.000Z,13162,6418,406,6414,2791,165,6748,3626,240
2018-12-03T23:00:00.000Z,13169,6418,407,6418,2791,166,6751,3626,240
2018-12-04T23:00:00.000Z,13180,6418,407,6425,2791,166,6755,3626,241
2018-12-05T23:00:00.000Z,13186,6418,408,6428,2791,167,6758,3627,241
2018-12-06T23:00:00.000Z,13192,6418,409,6430,2792,167,6761,3627,241
2018-12-07T23:00:00.000Z,13198,6419,409,6434,2792,167,6763,3627,242
2018-12-08T23:00:00.000Z,13207,6419,410,6440,2792,167,6767,3627,242
2018-12-09T23:00:00.000Z,13216,6419,410,6443,2792,167,6773,3627,243
2018-12-10T23:00:00.000Z,13224,6419,411,6447,2792,168,6777,3627,243
2018-12-11T23:00:00.000Z,13232,6420,412,6452,2792,168,6780,3627,243
2018-12-12T23:00:00.000Z,13238,6420,413,6454,2792,168,6784,3628,244
2018-12-13T23:00:00.000Z,13251,6420,413,6462,2792,169,6789,3628,244
2018-12-14T23:00:00.000Z,13255,6421,414,6464,2793,169,6791,3628,245
2018-12-15T23:00:00.000Z,13262,6421,415,6466,2793,169,6796,3628,245
2018-12-16T23:00:00.000Z,13269,6421,415,6470,2793,169,6798,3628,245
2018-12-17T23:00:00.000Z,13277,6421,416,6475,2793,170,6802,3628,246
2018-12-18T23:00:00.000Z,13284,6422,417,6478,2793,170,6806,3628,246
2018-12-19T23:00:00.000Z,13290,6422,418,6481,2793,170,6809,3628,247
2018-12-20T23:00:00.000Z,13298,6422,418,6485,2793,171,6812,3628,247
2018-12-21T23:00:00.000Z,13302,6422,419,6488,2793,171,6814,3628,248
2018-12-22T23:00:00.000Z,13313,6422,419,6493,2794,171,6819,3629,248
2018-12-23T23:00:00.000Z,13320,6423,420,6497,2794,171,6823,3629,248
2018-12-24T23:00:00.000Z,13334,6423,421,6507,2794,171,6826,3629,249
2018-12-25T23:00:00.000Z,13345,6423,421,6510,2794,172,6835,3629,249
2018-12-26T23:00:00.000Z,13353,6423,422,6512,2794,172,6840,3629,250
2018-12-27T23:00:00.000Z,13360,6424,423,6517,2794,172,6844,3629,250
2018-12-28T23:00:00.000Z,13367,6424,424,6520,2794,173,6847,3629,251
2018-12-29T23:00:00.000Z,13374,6424,424,6522,2794,173,6851,3629,251
2018-12-30T23:00:00.000Z,13379,6424,425,6525,2794,173,6854,3630,251
2018-12-31T23:00:00.000Z,13384,6424,426,6526,2794,174,6857,3630,252
2019-01-01T23:00:00.000Z,13397,6425,427,6530,2795,174,6867,3630,252
2019-01-02T23:00:00.000Z,13405,6425,427,6534,2795,174,6870,3630,252
2019-01-03T23:00:00.000Z,13414,6425,428,6540,2795,175,6874,3630,253
2019-01-04T23:00:00.000Z,13424,6425,429,6545,2795,175,6879,3630,253
2019-01-05T23:00:00.000Z,13434,6426,429,6550,2795,175,6884,3631,253
2019-01-06T23:00:00.000Z,13447,6426,430,6557,2795,176,6891,3631,254
2019-01-07T23:00:00.000Z,13470,6426,430,6565,2795,176,6905,3631,254
2019-01-08T23:00:00.000Z,13478,6426,431,6570,2795,176,6908,3631,254
2019-01-09T23:00:00.000Z,13485,6427,432,6573,2795,177,6912,3631,255
2019-01-10T23:00:00.000Z,13495,6427,433,6579,2795,177,6916,3631,255
2019-01-11T23:00:00.000Z,13509,6427,433,6583,2795,177,6927,3631,256
2019-01-12T23:00:00.000Z,13515,6427,434,6586,2796,177,6929,3632,256
2019-01-13T23:00:00.000Z,13526,6428,435,6591,2796,178,6935,3632,257
2019-01-14T23:00:00.000Z,13534,6428,436,6595,2796,178,6938,3632,257
2019-01-15T23:00:00.000Z,13547,6428,436,6603,2796,179,6944,3632,257
2019-01-16T23:00:00.000Z,13560,6428,437,6610,2796,179,6950,3632,258
2019-01-17T23:00:00.000Z,13568,6429,438,6613,2796,179,6955,3633,258
2019-01-18T23:00:00.000Z,13580,6429,439,6621,2796,179,6958,3633,259
2019-01-19T23:00:00.000Z,13587,6429,439,6624,2796,180,6963,3633,259
2019-01-20T23:00:00.000Z,13595,6429,440,6627,2796,180,6968,3633,260
2019-01-21T23:00:00.000Z,13602,6430,441,6631,2796,180,6970,3633,260
2019-01-22T23:00:00.000Z,13612,6430,442,6637,2796,181,6974,3633,261
2019-01-23T23:00:00.000Z,13619,6430,442,6641,2797,181,6977,3633,261
2019-01-24T23:00:00.000Z,13625,6430,443,6644,2797,181,6981,3633,261
2019-01-25T23:00:00.000Z,13631,6430,444,6647,2797,182,6984,3633,262
2019-01-26T23:00:00.000Z,13637,6431,445,6651,2797,182,6986,3633,262
2019-01-27T23:00:00.000Z,13641,6431,445,6652,2797,182,6989,3634,263
2019-01-28T23:00:00.000Z,13647,6431,446,6655,2797,183,6992,3634,263
2019-01-29T23:00:00.000Z,13654,6431,447,6658,2797,183,6996,3634,263
2019-01-30T23:00:00.000Z,13664,6432,447,6664,2797,183,7000,3634,263
2019-01-31T23:00:00.000Z,13671,6432,448,6667,2798,184,7004,3634,264
2019-02-01T23:00:00.000Z,13677,6432,449,6670,2798,184,7006,3634,264
2019-02-02T23:00:00.000Z,13685,6433,449,6675,2798,184,7009,3634,265
2019-02-02T23:00:00.000Z,13685,6433,449,6675,2798,184,7009,3634,265
2019-02-03T23:00:00.000Z,13697,6433,450,6683,2798,184,7014,3635,265
2019-02-03T23:00:00.000Z,13697,6433,450,6683,2798,184,7014,3635,265
2019-02-04T23:00:00.000Z,13710,6434,451,6692,2798,185,7019,3635,265
2019-02-04T23:00:00.000Z,13710,6434,451,6692,2798,185,7019,3635,265
2019-02-05T23:00:00.000Z,13721,6434,451,6697,2798,185,7024,3635,266
2019-02-05T23:00:00.000Z,13721,6434,451,6697,2798,185,7024,3635,266
2019-02-06T23:00:00.000Z,13728,6434,452,6700,2798,185,7028,3635,266
2019-02-07T23:00:00.000Z,13739,6434,453,6706,2799,186,7033,3635,267
2019-02-08T23:00:00.000Z,13750,6434,454,6714,2799,186,7036,3635,267
2019-02-09T23:00:00.000Z,13763,6434,454,6723,2799,186,7039,3635,268
2019-02-10T23:00:00.000Z,13774,6435,455,6729,2799,186,7045,3636,268
2019-02-11T23:00:00.000Z,13781,6435,455,6731,2799,186,7049,3636,268
2019-02-12T23:00:00.000Z,13788,6435,456,6735,2799,187,7053,3636,269
2019-02-13T23:00:00.000Z,13798,6436,457,6740,2799,187,7057,3637,269
2019-02-14T23:00:00.000Z,13803,6436,458,6744,2799,188,7059,3637,270
2019-02-15T23:00:00.000Z,13811,6436,459,6747,2799,188,7064,3637,270
2019-02-16T23:00:00.000Z,13816,6437,459,6748,2799,188,7067,3637,271
2019-02-17T23:00:00.000Z,13821,6437,460,6750,2799,189,7071,3637,271
2019-02-18T23:00:00.000Z,13826,6437,461,6752,2799,189,7073,3637,271
2019-02-19T23:00:00.000Z,13832,6437,461,6755,2800,189,7077,3638,272
2019-02-20T23:00:00.000Z,13837,6438,462,6758,2800,189,7079,3638,272
2019-02-21T23:00:00.000Z,13845,6438,463,6763,2800,190,7082,3638,272
2019-02-22T23:00:00.000Z,13856,6438,463,6769,2800,190,7086,3638,273
2019-02-23T23:00:00.000Z,13861,6438,464,6772,2800,190,7089,3638,273
2019-02-24T23:00:00.000Z,13865,6438,465,6774,2800,191,7091,3638,274
2019-02-25T23:00:00.000Z,13872,6439,466,6777,2800,191,7095,3638,274
2019-02-26T23:00:00.000Z,13881,6439,467,6781,2800,191,7100,3639,275
2019-02-27T23:00:00.000Z,13889,6440,468,6785,2800,192,7104,3639,275
2019-02-28T23:00:00.000Z,13895,6440,468,6789,2801,192,7106,3639,276
2019-03-01T23:00:00.000Z,13902,6440,469,6792,2801,192,7110,3639,276
2019-03-02T23:00:00.000Z,13908,6440,470,6795,2801,193,7113,3639,277
2019-03-03T23:00:00.000Z,13912,6440,471,6797,2801,193,7115,3639,277
2019-03-04T23:00:00.000Z,13918,6440,472,6800,2801,194,7118,3639,278
2019-03-05T23:00:00.000Z,13924,6441,473,6803,2801,194,7121,3639,278
2019-03-06T23:00:00.000Z,13932,6441,474,6808,2801,194,7124,3640,279
2019-03-07T23:00:00.000Z,13938,6441,474,6811,2801,195,7127,3640,279
2019-03-08T23:00:00.000Z,13944,6441,475,6814,2801,195,7130,3640,280
2019-03-09T23:00:00.000Z,13950,6441,476,6816,2801,195,7133,3640,281
2019-03-10T23:00:00.000Z,13955,6441,477,6819,2801,196,7136,3640,281
2019-03-11T23:00:00.000Z,13961,6442,478,6822,2802,196,7139,3640,281
2019-03-12T23:00:00.000Z,13968,6442,479,6826,2802,197,7142,3641,282
2019-03-13T23:00:00.000Z,13974,6443,480,6829,2802,197,7144,3641,283
2019-03-14T23:00:00.000Z,13980,6443,481,6833,2802,197,7147,3641,283
2019-03-15T23:00:00.000Z,13986,6443,482,6836,2802,198,7150,3641,284
2019-03-16T23:00:00.000Z,13990,6443,483,6838,2802,198,7152,3641,284
2019-03-17T23:00:00.000Z,13996,6444,484,6841,2802,198,7155,3641,285
2019-03-18T23:00:00.000Z,14001,6444,485,6844,2802,199,7157,3641,285
2019-03-19T23:00:00.000Z,14006,6444,486,6846,2802,199,7160,3641,286
2019-03-20T23:00:00.000Z,14010,6444,486,6848,2802,199,7162,3641,286
2019-03-21T23:00:00.000Z,14015,6444,487,6851,2802,200,7164,3642,287
2019-03-22T23:00:00.000Z,14020,6444,488,6853,2802,200,7167,3642,287
2019-03-23T23:00:00.000Z,14024,6444,489,6855,2802,201,7169,3642,288
2019-03-24T23:00:00.000Z,14029,6445,490,6858,2802,201,7172,3642,288
2019-03-25T23:00:00.000Z,14035,6445,491,6860,2802,202,7175,3642,289
2019-03-26T23:00:00.000Z,14040,6445,492,6862,2802,202,7178,3642,290
2019-03-27T23:00:00.000Z,14044,6445,493,6864,2802,202,7180,3642,290
2019-03-28T23:00:00.000Z,14049,6445,493,6867,2802,203,7182,3643,290
2019-03-29T23:00:00.000Z,14054,6445,494,6869,2802,203,7185,3643,291
2019-03-30T23:00:00.000Z,14059,6445,496,6871,2803,203,7188,3643,292
2019-03-31T22:00:00.000Z,14065,6446,497,6874,2803,204,7191,3643,292
2019-04-01T22:00:00.000Z,14071,6446,497,6877,2803,204,7193,3643,293
2019-04-02T22:00:00.000Z,14076,6447,498,6880,2803,204,7196,3643,293
2019-04-03T22:00:00.000Z,14083,6447,499,6885,2803,205,7198,3644,294
2019-04-04T22:00:00.000Z,14089,6448,499,6887,2803,205,7201,3644,294
2019-04-05T22:00:00.000Z,14095,6448,500,6891,2803,205,7204,3644,294
2019-04-06T22:00:00.000Z,14100,6448,501,6893,2803,205,7206,3644,295
2019-04-07T22:00:00.000Z,14106,6449,502,6896,2804,206,7209,3645,296
2019-04-08T22:00:00.000Z,14111,6449,503,6899,2804,206,7212,3645,296
2019-04-09T22:00:00.000Z,14115,6449,504,6902,2804,207,7213,3645,297
2019-04-10T22:00:00.000Z,14125,6449,504,6908,2804,207,7217,3645,297
2019-04-11T22:00:00.000Z,14133,6449,505,6911,2804,207,7222,3645,298
2019-04-12T22:00:00.000Z,14140,6450,506,6914,2804,208,7226,3645,298
2019-04-13T22:00:00.000Z,14145,6450,507,6917,2804,208,7228,3645,299
2019-04-14T22:00:00.000Z,14149,6450,508,6919,2804,208,7230,3646,299
2019-04-15T22:00:00.000Z,14155,6450,509,6922,2804,209,7232,3646,300
2019-04-16T22:00:00.000Z,14161,6451,510,6926,2804,209,7235,3646,300
2019-04-17T22:00:00.000Z,14167,6451,511,6930,2804,210,7237,3646,301
2019-04-18T22:00:00.000Z,14173,6451,512,6934,2804,210,7239,3647,301
2019-04-19T22:00:00.000Z,14179,6451,512,6937,2804,210,7242,3647,302
2019-04-20T22:00:00.000Z,14184,6452,513,6938,2805,210,7245,3647,302
2019-04-21T22:00:00.000Z,14190,6452,514,6942,2805,211,7248,3647,303
2019-04-22T22:00:00.000Z,14196,6453,515,6944,2805,211,7251,3648,303
2019-04-23T22:00:00.000Z,14201,6453,516,6947,2805,211,7254,3648,304
2019-04-24T22:00:00.000Z,14209,6453,516,6952,2805,212,7257,3648,304
2019-04-25T22:00:00.000Z,14218,6453,517,6956,2805,212,7262,3648,305
2019-04-26T22:00:00.000Z,14228,6453,518,6963,2805,212,7265,3648,305
2019-04-27T22:00:00.000Z,14234,6453,519,6966,2805,213,7268,3648,306
2019-04-28T22:00:00.000Z,14238,6453,520,6968,2805,213,7271,3648,307
2019-04-29T22:00:00.000Z,14245,6454,521,6971,2805,213,7274,3648,307
2019-04-30T22:00:00.000Z,14252,6454,522,6975,2805,214,7277,3648,308
2019-05-01T22:00:00.000Z,14256,6454,523,6977,2805,214,7279,3648,308
2019-05-02T22:00:00.000Z,14263,6455,524,6981,2806,215,7281,3648,309
2019-05-03T22:00:00.000Z,14267,6455,525,6984,2806,215,7283,3649,309
2019-05-04T22:00:00.000Z,14272,6455,526,6986,2806,216,7286,3649,310
2019-05-05T22:00:00.000Z,14277,6456,526,6988,2806,216,7289,3649,310
2019-05-06T22:00:00.000Z,14284,6456,527,6992,2806,216,7292,3649,310
2019-05-07T22:00:00.000Z,14290,6456,528,6995,2806,217,7295,3649,311
2019-05-08T22:00:00.000Z,14295,6456,529,6998,2807,217,7297,3650,311
2019-05-09T22:00:00.000Z,14300,6457,530,7001,2807,218,7299,3650,312
2019-05-10T22:00:00.000Z,14305,6457,531,7003,2807,218,7302,3650,312
2019-05-11T22:00:00.000Z,14311,6458,531,7006,2807,218,7304,3650,313
2019-05-12T22:00:00.000Z,14316,6458,532,7009,2807,219,7307,3650,313
2019-05-13T22:00:00.000Z,14322,6458,533,7013,2807,219,7309,3650,314
2019-05-14T22:00:00.000Z,14328,6458,534,7016,2807,220,7312,3651,314
2019-05-15T22:00:00.000Z,14334,6458,535,7019,2807,220,7314,3651,314
2019-05-16T22:00:00.000Z,14340,6459,535,7023,2807,220,7317,3651,315
2019-05-17T22:00:00.000Z,14346,6459,536,7027,2807,221,7319,3651,315
2019-05-18T22:00:00.000Z,14352,6459,537,7030,2808,221,7321,3651,315
2019-05-19T22:00:00.000Z,14357,6460,537,7033,2808,221,7324,3651,316
2019-05-20T22:00:00.000Z,14362,6460,538,7035,2808,221,7326,3651,316
2019-05-21T22:00:00.000Z,14367,6460,539,7039,2808,222,7329,3652,316
2019-05-22T22:00:00.000Z,14374,6460,540,7042,2808,222,7331,3652,317
2019-05-23T22:00:00.000Z,14380,6460,540,7046,2808,223,7334,3652,317
2019-05-24T22:00:00.000Z,14387,6461,541,7050,2808,223,7337,3652,317
2019-05-26T22:00:00.000Z,14397,6461,542,7054,2809,224,7342,3653,318
2019-05-27T22:00:00.000Z,14401,6462,543,7056,2809,224,7344,3653,318
2019-05-28T22:00:00.000Z,14406,6462,544,7059,2809,224,7347,3653,319
2019-05-29T22:00:00.000Z,14412,6462,544,7062,2809,224,7350,3653,319
2019-05-30T22:00:00.000Z,14417,6463,545,7065,2809,225,7352,3653,319
